time_s,altitude_m,vertical_velocity_ms,vertical_accel_ms2,lateral_distance_m,lateral_direction_deg,phase
0.0,1.01,10.11,101.09,0.15,60.0,BOOST
0.1,3.03,20.22,101.09,0.3,60.0,BOOST
0.2,6.07,30.33,101.09,0.45,60.0,BOOST
0.3,10.11,40.44,101.09,0.6,60.0,BOOST
0.4,15.16,50.55,101.09,0.75,60.0,BOOST
0.5,21.23,60.65,101.09,0.9,60.0,BOOST
0.6,28.31,70.76,101.09,1.05,60.0,BOOST
0.7,36.39,80.87,101.09,1.2,60.0,BOOST
0.8,45.49,90.98,101.09,1.35,60.0,BOOST
0.9,55.6,101.09,101.09,1.5,60.0,BOOST
1.0,66.72,111.2,101.09,1.65,60.0,BOOST
1.1,78.85,121.31,101.09,1.8,60.0,BOOST
1.2,91.99,131.42,101.09,1.95,60.0,BOOST
1.3,106.14,141.53,101.09,2.1,60.0,BOOST
1.4,121.31,151.64,101.09,2.25,60.0,BOOST
1.5,137.48,161.74,101.09,2.4,60.0,BOOST
1.6,154.67,171.85,101.09,2.55,60.0,BOOST
1.7,172.86,181.96,101.09,2.7,60.0,BOOST
1.8,192.07,192.07,101.09,2.85,60.0,BOOST
1.9,212.29,202.18,101.09,3.0,60.0,BOOST
2.0,233.52,212.29,101.09,3.15,60.0,BOOST
2.1,255.76,222.4,101.09,3.3,60.0,BOOST
2.2,279.01,232.51,101.09,3.45,60.0,BOOST
2.3,303.27,242.62,101.09,3.6,60.0,BOOST
2.4,328.54,252.73,101.09,3.75,60.0,BOOST
2.5,354.83,262.83,101.09,3.9,60.0,BOOST
2.6,382.12,272.94,101.09,4.05,60.0,BOOST
2.7,410.43,283.05,101.09,4.2,60.0,BOOST
2.8,439.74,293.16,101.09,4.35,60.0,BOOST
2.9,470.07,303.27,101.09,4.5,60.0,BOOST
3.0,501.41,313.38,101.09,4.65,60.0,BOOST
3.1,533.76,323.49,101.09,4.8,60.0,BOOST
3.2,567.11,333.6,101.09,4.95,60.0,BOOST
3.3,601.49,343.71,101.09,5.1,60.0,BOOST
3.4,636.87,353.81,101.09,5.25,60.0,BOOST
3.5,673.26,363.92,101.09,5.4,60.0,BOOST
3.6,710.66,374.03,101.09,5.55,60.0,BOOST
3.7,749.08,384.14,101.09,5.7,60.0,BOOST
3.8,788.5,394.25,101.09,5.85,60.0,BOOST
3.9,828.94,404.36,101.09,6.0,60.0,BOOST
4.0,869.28,403.38,-9.81,6.15,60.0,COAST
4.1,909.52,402.4,-9.81,6.3,60.0,COAST
4.2,949.66,401.42,-9.81,6.45,60.0,COAST
4.3,989.7,400.44,-9.81,6.6,60.0,COAST
4.4,1029.65,399.45,-9.81,6.75,60.0,COAST
4.5,1069.49,398.47,-9.81,6.9,60.0,COAST
4.6,1109.24,397.49,-9.81,7.05,60.0,COAST
4.7,1148.89,396.51,-9.81,7.2,60.0,COAST
4.8,1188.45,395.53,-9.81,7.35,60.0,COAST
4.9,1227.9,394.55,-9.81,7.5,60.0,COAST
5.0,1267.26,393.57,-9.81,7.65,60.0,COAST
5.1,1306.52,392.59,-9.81,7.8,60.0,COAST
5.2,1345.68,391.61,-9.81,7.95,60.0,COAST
5.3,1384.74,390.63,-9.81,8.1,60.0,COAST
5.4,1423.71,389.64,-9.81,8.25,60.0,COAST
5.5,1462.57,388.66,-9.81,8.4,60.0,COAST
5.6,1501.34,387.68,-9.81,8.55,60.0,COAST
5.7,1540.01,386.7,-9.81,8.7,60.0,COAST
5.8,1578.58,385.72,-9.81,8.85,60.0,COAST
5.9,1617.06,384.74,-9.81,9.0,60.0,COAST
6.0,1655.43,383.76,-9.81,9.15,60.0,COAST
6.1,1693.71,382.78,-9.81,9.3,60.0,COAST
6.2,1731.89,381.8,-9.81,9.45,60.0,COAST
6.3,1769.97,380.82,-9.81,9.6,60.0,COAST
6.4,1807.96,379.84,-9.81,9.75,60.0,COAST
6.5,1845.84,378.85,-9.81,9.9,60.0,COAST
6.6,1883.63,377.87,-9.81,10.05,60.0,COAST
6.7,1921.32,376.89,-9.81,10.2,60.0,COAST
6.8,1958.91,375.91,-9.81,10.35,60.0,COAST
6.9,1996.4,374.93,-9.81,10.5,60.0,COAST
7.0,2033.8,373.95,-9.81,10.65,60.0,COAST
7.1,2071.09,372.97,-9.81,10.8,60.0,COAST
7.2,2108.29,371.99,-9.81,10.95,60.0,COAST
7.3,2145.39,371.01,-9.81,11.1,60.0,COAST
7.4,2182.4,370.03,-9.81,11.25,60.0,COAST
7.5,2219.3,369.04,-9.81,11.4,60.0,COAST
7.6,2256.11,368.06,-9.81,11.55,60.0,COAST
7.7,2292.81,367.08,-9.81,11.7,60.0,COAST
7.8,2329.42,366.1,-9.81,11.85,60.0,COAST
7.9,2365.94,365.12,-9.81,12.0,60.0,COAST
8.0,2402.35,364.14,-9.81,12.15,60.0,COAST
8.1,2438.67,363.16,-9.81,12.3,60.0,COAST
8.2,2474.88,362.18,-9.81,12.45,60.0,COAST
8.3,2511.0,361.2,-9.81,12.6,60.0,COAST
8.4,2547.02,360.22,-9.81,12.75,60.0,COAST
8.5,2582.95,359.23,-9.81,12.9,60.0,COAST
8.6,2618.77,358.25,-9.81,13.05,60.0,COAST
8.7,2654.5,357.27,-9.81,13.2,60.0,COAST
8.8,2690.13,356.29,-9.81,13.35,60.0,COAST
8.9,2725.66,355.31,-9.81,13.5,60.0,COAST
9.0,2761.09,354.33,-9.81,13.65,60.0,COAST
9.1,2796.43,353.35,-9.81,13.8,60.0,COAST
9.2,2831.66,352.37,-9.81,13.95,60.0,COAST
9.3,2866.8,351.39,-9.81,14.1,60.0,COAST
9.4,2901.84,350.41,-9.81,14.25,60.0,COAST
9.5,2936.79,349.42,-9.81,14.4,60.0,COAST
9.6,2971.63,348.44,-9.81,14.55,60.0,COAST
9.7,3006.38,347.46,-9.81,14.7,60.0,COAST
9.8,3041.03,346.48,-9.81,14.85,60.0,COAST
9.9,3075.58,345.5,-9.81,15.0,60.0,COAST
10.0,3110.03,344.52,-9.81,15.15,60.0,COAST
10.1,3144.38,343.54,-9.81,15.3,60.0,COAST
10.2,3178.64,342.56,-9.81,15.45,60.0,COAST
10.3,3212.79,341.58,-9.81,15.6,60.0,COAST
10.4,3246.85,340.6,-9.81,15.75,60.0,COAST
10.5,3280.81,339.61,-9.81,15.9,60.0,COAST
10.6,3314.68,338.63,-9.81,16.05,60.0,COAST
10.7,3348.44,337.65,-9.81,16.2,60.0,COAST
10.8,3382.11,336.67,-9.81,16.35,60.0,COAST
10.9,3415.68,335.69,-9.81,16.5,60.0,COAST
11.0,3449.15,334.71,-9.81,16.65,60.0,COAST
11.1,3482.52,333.73,-9.81,16.8,60.0,COAST
11.2,3515.8,332.75,-9.81,16.95,60.0,COAST
11.3,3548.97,331.77,-9.81,17.1,60.0,COAST
11.4,3582.05,330.79,-9.81,17.25,60.0,COAST
11.5,3615.03,329.8,-9.81,17.4,60.0,COAST
11.6,3647.92,328.82,-9.81,17.55,60.0,COAST
11.7,3680.7,327.84,-9.81,17.7,60.0,COAST
11.8,3713.39,326.86,-9.81,17.85,60.0,COAST
11.9,3745.97,325.88,-9.81,18.0,60.0,COAST
12.0,3778.46,324.9,-9.81,18.15,60.0,COAST
12.1,3810.86,323.92,-9.81,18.3,60.0,COAST
12.2,3843.15,322.94,-9.81,18.45,60.0,COAST
12.3,3875.35,321.96,-9.81,18.6,60.0,COAST
12.4,3907.44,320.98,-9.81,18.75,60.0,COAST
12.5,3939.44,319.99,-9.81,18.9,60.0,COAST
12.6,3971.34,319.01,-9.81,19.05,60.0,COAST
12.7,4003.15,318.03,-9.81,19.2,60.0,COAST
12.8,4034.85,317.05,-9.81,19.35,60.0,COAST
12.9,4066.46,316.07,-9.81,19.5,60.0,COAST
13.0,4097.97,315.09,-9.81,19.65,60.0,COAST
13.1,4129.38,314.11,-9.81,19.8,60.0,COAST
13.2,4160.69,313.13,-9.81,19.95,60.0,COAST
13.3,4191.91,312.15,-9.81,20.1,60.0,COAST
13.4,4223.02,311.17,-9.81,20.25,60.0,COAST
13.5,4254.04,310.18,-9.81,20.4,60.0,COAST
13.6,4284.96,309.2,-9.81,20.55,60.0,COAST
13.7,4315.78,308.22,-9.81,20.7,60.0,COAST
13.8,4346.51,307.24,-9.81,20.85,60.0,COAST
13.9,4377.13,306.26,-9.81,21.0,60.0,COAST
14.0,4407.66,305.28,-9.81,21.15,60.0,COAST
14.1,4438.09,304.3,-9.81,21.3,60.0,COAST
14.2,4468.42,303.32,-9.81,21.45,60.0,COAST
14.3,4498.66,302.34,-9.81,21.6,60.0,COAST
14.4,4528.79,301.36,-9.81,21.75,60.0,COAST
14.5,4558.83,300.37,-9.81,21.9,60.0,COAST
14.6,4588.77,299.39,-9.81,22.05,60.0,COAST
14.7,4618.61,298.41,-9.81,22.2,60.0,COAST
14.8,4648.35,297.43,-9.81,22.35,60.0,COAST
14.9,4678.0,296.45,-9.81,22.5,60.0,COAST
15.0,4707.54,295.47,-9.81,22.65,60.0,COAST
15.1,4736.99,294.49,-9.81,22.8,60.0,COAST
15.2,4766.34,293.51,-9.81,22.95,60.0,COAST
15.3,4795.6,292.53,-9.81,23.1,60.0,COAST
15.4,4824.75,291.55,-9.81,23.25,60.0,COAST
15.5,4853.81,290.56,-9.81,23.4,60.0,COAST
15.6,4882.77,289.58,-9.81,23.55,60.0,COAST
15.7,4911.63,288.6,-9.81,23.7,60.0,COAST
15.8,4940.39,287.62,-9.81,23.85,60.0,COAST
15.9,4969.05,286.64,-9.81,24.0,60.0,COAST
16.0,4997.62,285.66,-9.81,24.15,60.0,COAST
16.1,5026.09,284.68,-9.81,24.3,60.0,COAST
16.2,5054.46,283.7,-9.81,24.45,60.0,COAST
16.3,5082.73,282.72,-9.81,24.6,60.0,COAST
16.4,5110.9,281.74,-9.81,24.75,60.0,COAST
16.5,5138.98,280.75,-9.81,24.9,60.0,COAST
16.6,5166.95,279.77,-9.81,25.05,60.0,COAST
16.7,5194.83,278.79,-9.81,25.2,60.0,COAST
16.8,5222.61,277.81,-9.81,25.35,60.0,COAST
16.9,5250.3,276.83,-9.81,25.5,60.0,COAST
17.0,5277.88,275.85,-9.81,25.65,60.0,COAST
17.1,5305.37,274.87,-9.81,25.8,60.0,COAST
17.2,5332.76,273.89,-9.81,25.95,60.0,COAST
17.3,5360.05,272.91,-9.81,26.1,60.0,COAST
17.4,5387.24,271.93,-9.81,26.25,60.0,COAST
17.5,5414.33,270.94,-9.81,26.4,60.0,COAST
17.6,5441.33,269.96,-9.81,26.55,60.0,COAST
17.7,5468.23,268.98,-9.81,26.7,60.0,COAST
17.8,5495.03,268.0,-9.81,26.85,60.0,COAST
17.9,5521.73,267.02,-9.81,27.0,60.0,COAST
18.0,5548.33,266.04,-9.81,27.15,60.0,COAST
18.1,5574.84,265.06,-9.81,27.3,60.0,COAST
18.2,5601.25,264.08,-9.81,27.45,60.0,COAST
18.3,5627.56,263.1,-9.81,27.6,60.0,COAST
18.4,5653.77,262.12,-9.81,27.75,60.0,COAST
18.5,5679.88,261.13,-9.81,27.9,60.0,COAST
18.6,5705.9,260.15,-9.81,28.05,60.0,COAST
18.7,5731.82,259.17,-9.81,28.2,60.0,COAST
18.8,5757.63,258.19,-9.81,28.35,60.0,COAST
18.9,5783.36,257.21,-9.81,28.5,60.0,COAST
19.0,5808.98,256.23,-9.81,28.65,60.0,COAST
19.1,5834.5,255.25,-9.81,28.8,60.0,COAST
19.2,5859.93,254.27,-9.81,28.95,60.0,COAST
19.3,5885.26,253.29,-9.81,29.1,60.0,COAST
19.4,5910.49,252.31,-9.81,29.25,60.0,COAST
19.5,5935.62,251.32,-9.81,29.4,60.0,COAST
19.6,5960.66,250.34,-9.81,29.55,60.0,COAST
19.7,5985.59,249.36,-9.81,29.7,60.0,COAST
19.8,6010.43,248.38,-9.81,29.85,60.0,COAST
19.9,6035.17,247.4,-9.81,30.0,60.0,COAST
20.0,6059.81,246.42,-9.81,30.15,60.0,COAST
20.1,6084.36,245.44,-9.81,30.3,60.0,COAST
20.2,6108.8,244.46,-9.81,30.45,60.0,COAST
20.3,6133.15,243.48,-9.81,30.6,60.0,COAST
20.4,6157.4,242.5,-9.81,30.75,60.0,COAST
20.5,6181.55,241.51,-9.81,30.9,60.0,COAST
20.6,6205.6,240.53,-9.81,31.05,60.0,COAST
20.7,6229.56,239.55,-9.81,31.2,60.0,COAST
20.8,6253.42,238.57,-9.81,31.35,60.0,COAST
20.9,6277.17,237.59,-9.81,31.5,60.0,COAST
21.0,6300.84,236.61,-9.81,31.65,60.0,COAST
21.1,6324.4,235.63,-9.81,31.8,60.0,COAST
21.2,6347.86,234.65,-9.81,31.95,60.0,COAST
21.3,6371.23,233.67,-9.81,32.1,60.0,COAST
21.4,6394.5,232.69,-9.81,32.25,60.0,COAST
21.5,6417.67,231.7,-9.81,32.4,60.0,COAST
21.6,6440.74,230.72,-9.81,32.55,60.0,COAST
21.7,6463.71,229.74,-9.81,32.7,60.0,COAST
21.8,6486.59,228.76,-9.81,32.85,60.0,COAST
21.9,6509.37,227.78,-9.81,33.0,60.0,COAST
22.0,6532.05,226.8,-9.81,33.15,60.0,COAST
22.1,6554.63,225.82,-9.81,33.3,60.0,COAST
22.2,6577.11,224.84,-9.81,33.45,60.0,COAST
22.3,6599.5,223.86,-9.81,33.6,60.0,COAST
22.4,6621.79,222.88,-9.81,33.75,60.0,COAST
22.5,6643.98,221.89,-9.81,33.9,60.0,COAST
22.6,6666.07,220.91,-9.81,34.05,60.0,COAST
22.7,6688.06,219.93,-9.81,34.2,60.0,COAST
22.8,6709.96,218.95,-9.81,34.35,60.0,COAST
22.9,6731.75,217.97,-9.81,34.5,60.0,COAST
23.0,6753.45,216.99,-9.81,34.65,60.0,COAST
23.1,6775.05,216.01,-9.81,34.8,60.0,COAST
23.2,6796.56,215.03,-9.81,34.95,60.0,COAST
23.3,6817.96,214.05,-9.81,35.1,60.0,COAST
23.4,6839.27,213.07,-9.81,35.25,60.0,COAST
23.5,6860.48,212.08,-9.81,35.4,60.0,COAST
23.6,6881.59,211.1,-9.81,35.55,60.0,COAST
23.7,6902.6,210.12,-9.81,35.7,60.0,COAST
23.8,6923.51,209.14,-9.81,35.85,60.0,COAST
23.9,6944.33,208.16,-9.81,36.0,60.0,COAST
24.0,6965.05,207.18,-9.81,36.15,60.0,COAST
24.1,6985.67,206.2,-9.81,36.3,60.0,COAST
24.2,7006.19,205.22,-9.81,36.45,60.0,COAST
24.3,7026.61,204.24,-9.81,36.6,60.0,COAST
24.4,7046.94,203.26,-9.81,36.75,60.0,COAST
24.5,7067.16,202.27,-9.81,36.9,60.0,COAST
24.6,7087.29,201.29,-9.81,37.05,60.0,COAST
24.7,7107.32,200.31,-9.81,37.2,60.0,COAST
24.8,7127.26,199.33,-9.81,37.35,60.0,COAST
24.9,7147.09,198.35,-9.81,37.5,60.0,COAST
25.0,7166.83,197.37,-9.81,37.65,60.0,COAST
25.1,7186.47,196.39,-9.81,37.8,60.0,COAST
25.2,7206.01,195.41,-9.81,37.95,60.0,COAST
25.3,7225.45,194.43,-9.81,38.1,60.0,COAST
25.4,7244.8,193.45,-9.81,38.25,60.0,COAST
25.5,7264.04,192.46,-9.81,38.4,60.0,COAST
25.6,7283.19,191.48,-9.81,38.55,60.0,COAST
25.7,7302.24,190.5,-9.81,38.7,60.0,COAST
25.8,7321.19,189.52,-9.81,38.85,60.0,COAST
25.9,7340.05,188.54,-9.81,39.0,60.0,COAST
26.0,7358.8,187.56,-9.81,39.15,60.0,COAST
26.1,7377.46,186.58,-9.81,39.3,60.0,COAST
26.2,7396.02,185.6,-9.81,39.45,60.0,COAST
26.3,7414.48,184.62,-9.81,39.6,60.0,COAST
26.4,7432.85,183.64,-9.81,39.75,60.0,COAST
26.5,7451.11,182.65,-9.81,39.9,60.0,COAST
26.6,7469.28,181.67,-9.81,40.05,60.0,COAST
26.7,7487.35,180.69,-9.81,40.2,60.0,COAST
26.8,7505.32,179.71,-9.81,40.35,60.0,COAST
26.9,7523.19,178.73,-9.81,40.5,60.0,COAST
27.0,7540.97,177.75,-9.81,40.65,60.0,COAST
27.1,7558.64,176.77,-9.81,40.8,60.0,COAST
27.2,7576.22,175.79,-9.81,40.95,60.0,COAST
27.3,7593.7,174.81,-9.81,41.1,60.0,COAST
27.4,7611.09,173.83,-9.81,41.25,60.0,COAST
27.5,7628.37,172.84,-9.81,41.4,60.0,COAST
27.6,7645.56,171.86,-9.81,41.55,60.0,COAST
27.7,7662.64,170.88,-9.81,41.7,60.0,COAST
27.8,7679.63,169.9,-9.81,41.85,60.0,COAST
27.9,7696.53,168.92,-9.81,42.0,60.0,COAST
28.0,7713.32,167.94,-9.81,42.15,60.0,COAST
28.1,7730.02,166.96,-9.81,42.3,60.0,COAST
28.2,7746.61,165.98,-9.81,42.45,60.0,COAST
28.3,7763.11,165.0,-9.81,42.6,60.0,COAST
28.4,7779.51,164.02,-9.81,42.75,60.0,COAST
28.5,7795.82,163.03,-9.81,42.9,60.0,COAST
28.6,7812.02,162.05,-9.81,43.05,60.0,COAST
28.7,7828.13,161.07,-9.81,43.2,60.0,COAST
28.8,7844.14,160.09,-9.81,43.35,60.0,COAST
28.9,7860.05,159.11,-9.81,43.5,60.0,COAST
29.0,7875.86,158.13,-9.81,43.65,60.0,COAST
29.1,7891.58,157.15,-9.81,43.8,60.0,COAST
29.2,7907.19,156.17,-9.81,43.95,60.0,COAST
29.3,7922.71,155.19,-9.81,44.1,60.0,COAST
29.4,7938.13,154.21,-9.81,44.25,60.0,COAST
29.5,7953.46,153.22,-9.81,44.4,60.0,COAST
29.6,7968.68,152.24,-9.81,44.55,60.0,COAST
29.7,7983.81,151.26,-9.81,44.7,60.0,COAST
29.8,7998.84,150.28,-9.81,44.85,60.0,COAST
29.9,8013.77,149.3,-9.81,45.0,60.0,COAST
30.0,8028.6,148.32,-9.81,45.15,60.0,COAST
30.1,8043.33,147.34,-9.81,45.3,60.0,COAST
30.2,8057.97,146.36,-9.81,45.45,60.0,COAST
30.3,8072.5,145.38,-9.81,45.6,60.0,COAST
30.4,8086.94,144.4,-9.81,45.75,60.0,COAST
30.5,8101.28,143.41,-9.81,45.9,60.0,COAST
30.6,8115.53,142.43,-9.81,46.05,60.0,COAST
30.7,8129.67,141.45,-9.81,46.2,60.0,COAST
30.8,8143.72,140.47,-9.81,46.35,60.0,COAST
30.9,8157.67,139.49,-9.81,46.5,60.0,COAST
31.0,8171.52,138.51,-9.81,46.65,60.0,COAST
31.1,8185.27,137.53,-9.81,46.8,60.0,COAST
31.2,8198.93,136.55,-9.81,46.95,60.0,COAST
31.3,8212.48,135.57,-9.81,47.1,60.0,COAST
31.4,8225.94,134.59,-9.81,47.25,60.0,COAST
31.5,8239.3,133.6,-9.81,47.4,60.0,COAST
31.6,8252.57,132.62,-9.81,47.55,60.0,COAST
31.7,8265.73,131.64,-9.81,47.7,60.0,COAST
31.8,8278.8,130.66,-9.81,47.85,60.0,COAST
31.9,8291.76,129.68,-9.81,48.0,60.0,COAST
32.0,8304.63,128.7,-9.81,48.15,60.0,COAST
32.1,8317.41,127.72,-9.81,48.3,60.0,COAST
32.2,8330.08,126.74,-9.81,48.45,60.0,COAST
32.3,8342.66,125.76,-9.81,48.6,60.0,COAST
32.4,8355.13,124.78,-9.81,48.75,60.0,COAST
32.5,8367.51,123.79,-9.81,48.9,60.0,COAST
32.6,8379.79,122.81,-9.81,49.05,60.0,COAST
32.7,8391.98,121.83,-9.81,49.2,60.0,COAST
32.8,8404.06,120.85,-9.81,49.35,60.0,COAST
32.9,8416.05,119.87,-9.81,49.5,60.0,COAST
33.0,8427.94,118.89,-9.81,49.65,60.0,COAST
33.1,8439.73,117.91,-9.81,49.8,60.0,COAST
33.2,8451.42,116.93,-9.81,49.95,60.0,COAST
33.3,8463.02,115.95,-9.81,50.1,60.0,COAST
33.4,8474.51,114.97,-9.81,50.25,60.0,COAST
33.5,8485.91,113.98,-9.81,50.4,60.0,COAST
33.6,8497.21,113.0,-9.81,50.55,60.0,COAST
33.7,8508.41,112.02,-9.81,50.7,60.0,COAST
33.8,8519.52,111.04,-9.81,50.85,60.0,COAST
33.9,8530.52,110.06,-9.81,51.0,60.0,COAST
34.0,8541.43,109.08,-9.81,51.15,60.0,COAST
34.1,8552.24,108.1,-9.81,51.3,60.0,COAST
34.2,8562.95,107.12,-9.81,51.45,60.0,COAST
34.3,8573.57,106.14,-9.81,51.6,60.0,COAST
34.4,8584.08,105.16,-9.81,51.75,60.0,COAST
34.5,8594.5,104.17,-9.81,51.9,60.0,COAST
34.6,8604.82,103.19,-9.81,52.05,60.0,COAST
34.7,8615.04,102.21,-9.81,52.2,60.0,COAST
34.8,8625.16,101.23,-9.81,52.35,60.0,COAST
34.9,8635.19,100.25,-9.81,52.5,60.0,COAST
35.0,8645.11,99.27,-9.81,52.65,60.0,COAST
35.1,8654.94,98.29,-9.81,52.8,60.0,COAST
35.2,8664.67,97.31,-9.81,52.95,60.0,COAST
35.3,8674.31,96.33,-9.81,53.1,60.0,COAST
35.4,8683.84,95.35,-9.81,53.25,60.0,COAST
35.5,8693.28,94.36,-9.81,53.4,60.0,COAST
35.6,8702.62,93.38,-9.81,53.55,60.0,COAST
35.7,8711.86,92.4,-9.81,53.7,60.0,COAST
35.8,8721.0,91.42,-9.81,53.85,60.0,COAST
35.9,8730.04,90.44,-9.81,54.0,60.0,COAST
36.0,8738.99,89.46,-9.81,54.15,60.0,COAST
36.1,8747.84,88.48,-9.81,54.3,60.0,COAST
36.2,8756.59,87.5,-9.81,54.45,60.0,COAST
36.3,8765.24,86.52,-9.81,54.6,60.0,COAST
36.4,8773.79,85.54,-9.81,54.75,60.0,COAST
36.5,8782.25,84.55,-9.81,54.9,60.0,COAST
36.6,8790.6,83.57,-9.81,55.05,60.0,COAST
36.7,8798.86,82.59,-9.81,55.2,60.0,COAST
36.8,8807.02,81.61,-9.81,55.35,60.0,COAST
36.9,8815.09,80.63,-9.81,55.5,60.0,COAST
37.0,8823.05,79.65,-9.81,55.65,60.0,COAST
37.1,8830.92,78.67,-9.81,55.8,60.0,COAST
37.2,8838.69,77.69,-9.81,55.95,60.0,COAST
37.3,8846.36,76.71,-9.81,56.1,60.0,COAST
37.4,8853.93,75.73,-9.81,56.25,60.0,COAST
37.5,8861.4,74.74,-9.81,56.4,60.0,COAST
37.6,8868.78,73.76,-9.81,56.55,60.0,COAST
37.7,8876.06,72.78,-9.81,56.7,60.0,COAST
37.8,8883.24,71.8,-9.81,56.85,60.0,COAST
37.9,8890.32,70.82,-9.81,57.0,60.0,COAST
38.0,8897.3,69.84,-9.81,57.15,60.0,COAST
38.1,8904.19,68.86,-9.81,57.3,60.0,COAST
38.2,8910.98,67.88,-9.81,57.45,60.0,COAST
38.3,8917.67,66.9,-9.81,57.6,60.0,COAST
38.4,8924.26,65.92,-9.81,57.75,60.0,COAST
38.5,8930.75,64.93,-9.81,57.9,60.0,COAST
38.6,8937.15,63.95,-9.81,58.05,60.0,COAST
38.7,8943.45,62.97,-9.81,58.2,60.0,COAST
38.8,8949.64,61.99,-9.81,58.35,60.0,COAST
38.9,8955.75,61.01,-9.81,58.5,60.0,COAST
39.0,8961.75,60.03,-9.81,58.65,60.0,COAST
39.1,8967.65,59.05,-9.81,58.8,60.0,COAST
39.2,8973.46,58.07,-9.81,58.95,60.0,COAST
39.3,8979.17,57.09,-9.81,59.1,60.0,COAST
39.4,8984.78,56.11,-9.81,59.25,60.0,COAST
39.5,8990.29,55.12,-9.81,59.4,60.0,COAST
39.6,8995.71,54.14,-9.81,59.55,60.0,COAST
39.7,9001.02,53.16,-9.81,59.7,60.0,COAST
39.8,9006.24,52.18,-9.81,59.85,60.0,COAST
39.9,9011.36,51.2,-9.81,60.0,60.0,COAST
40.0,9016.38,50.22,-9.81,60.15,60.0,COAST
40.1,9021.31,49.24,-9.81,60.3,60.0,COAST
40.2,9026.13,48.26,-9.81,60.45,60.0,COAST
40.3,9030.86,47.28,-9.81,60.6,60.0,COAST
40.4,9035.49,46.3,-9.81,60.75,60.0,COAST
40.5,9040.02,45.31,-9.81,60.9,60.0,COAST
40.6,9044.45,44.33,-9.81,61.05,60.0,COAST
40.7,9048.79,43.35,-9.81,61.2,60.0,COAST
40.8,9053.03,42.37,-9.81,61.35,60.0,COAST
40.9,9057.16,41.39,-9.81,61.5,60.0,COAST
41.0,9061.21,40.41,-9.81,61.65,60.0,COAST
41.1,9065.15,39.43,-9.81,61.8,60.0,COAST
41.2,9068.99,38.45,-9.81,61.95,60.0,COAST
41.3,9072.74,37.47,-9.81,62.1,60.0,COAST
41.4,9076.39,36.49,-9.81,62.25,60.0,COAST
41.5,9079.94,35.5,-9.81,62.4,60.0,COAST
41.6,9083.39,34.52,-9.81,62.55,60.0,COAST
41.7,9086.74,33.54,-9.81,62.7,60.0,COAST
41.8,9090.0,32.56,-9.81,62.85,60.0,COAST
41.9,9093.16,31.58,-9.81,63.0,60.0,COAST
42.0,9096.22,30.6,-9.81,63.15,60.0,COAST
42.1,9099.18,29.62,-9.81,63.3,60.0,COAST
42.2,9102.04,28.64,-9.81,63.45,60.0,COAST
42.3,9104.81,27.66,-9.81,63.6,60.0,COAST
42.4,9107.48,26.68,-9.81,63.75,60.0,COAST
42.5,9110.05,25.69,-9.81,63.9,60.0,COAST
42.6,9112.52,24.71,-9.81,64.05,60.0,COAST
42.7,9114.89,23.73,-9.81,64.2,60.0,COAST
42.8,9117.17,22.75,-9.81,64.35,60.0,COAST
42.9,9119.34,21.77,-9.81,64.5,60.0,COAST
43.0,9121.42,20.79,-9.81,64.65,60.0,COAST
43.1,9123.4,19.81,-9.81,64.8,60.0,COAST
43.2,9125.29,18.83,-9.81,64.95,60.0,COAST
43.3,9127.07,17.85,-9.81,65.1,60.0,COAST
43.4,9128.76,16.87,-9.81,65.25,60.0,COAST
43.5,9130.35,15.88,-9.81,65.4,60.0,COAST
43.6,9131.84,14.9,-9.81,65.55,60.0,COAST
43.7,9133.23,13.92,-9.81,65.7,60.0,COAST
43.8,9134.52,12.94,-9.81,65.85,60.0,COAST
43.9,9135.72,11.96,-9.81,66.0,60.0,COAST
44.0,9136.82,10.98,-9.81,66.15,60.0,COAST
44.1,9137.82,10.0,-9.81,66.3,60.0,COAST
44.2,9138.72,9.02,-9.81,66.45,60.0,COAST
44.3,9139.52,8.04,-9.81,66.6,60.0,COAST
44.4,9140.23,7.06,-9.81,66.75,60.0,COAST
44.5,9140.83,6.07,-9.81,66.9,60.0,COAST
44.6,9141.34,5.09,-9.81,67.05,60.0,COAST
44.7,9141.75,4.11,-9.81,67.2,60.0,COAST
44.8,9142.07,3.13,-9.81,67.35,60.0,COAST
44.9,9142.28,2.15,-9.81,67.5,60.0,COAST
45.0,9142.4,1.17,-9.81,67.65,60.0,COAST
45.1,9142.42,0.19,-9.81,67.8,60.0,COAST
45.2,9142.34,-0.79,-9.81,67.95,60.0,COAST
45.3,9139.84,-25.0,0.0,69.3,60.0,DESCENT
45.4,9137.34,-25.0,0.0,70.65,60.0,DESCENT
45.5,9134.84,-25.0,0.0,72.0,60.0,DESCENT
45.6,9132.34,-25.0,0.0,73.35,60.0,DESCENT
45.7,9129.84,-25.0,0.0,74.7,60.0,DESCENT
45.8,9127.34,-25.0,0.0,76.05,60.0,DESCENT
45.9,9124.84,-25.0,0.0,77.4,60.0,DESCENT
46.0,9122.34,-25.0,0.0,78.75,60.0,DESCENT
46.1,9119.84,-25.0,0.0,80.1,60.0,DESCENT
46.2,9117.34,-25.0,0.0,81.45,60.0,DESCENT
46.3,9114.84,-25.0,0.0,82.8,60.0,DESCENT
46.4,9112.34,-25.0,0.0,84.15,60.0,DESCENT
46.5,9109.84,-25.0,0.0,85.5,60.0,DESCENT
46.6,9107.34,-25.0,0.0,86.85,60.0,DESCENT
46.7,9104.84,-25.0,0.0,88.2,60.0,DESCENT
46.8,9102.34,-25.0,0.0,89.55,60.0,DESCENT
46.9,9099.84,-25.0,0.0,90.9,60.0,DESCENT
47.0,9097.34,-25.0,0.0,92.25,60.0,DESCENT
47.1,9094.84,-25.0,0.0,93.6,60.0,DESCENT
47.2,9092.34,-25.0,0.0,94.95,60.0,DESCENT
47.3,9089.84,-25.0,0.0,96.3,60.0,DESCENT
47.4,9087.34,-25.0,0.0,97.65,60.0,DESCENT
47.5,9084.84,-25.0,0.0,99.0,60.0,DESCENT
47.6,9082.34,-25.0,0.0,100.35,60.0,DESCENT
47.7,9079.84,-25.0,0.0,101.7,60.0,DESCENT
47.8,9077.34,-25.0,0.0,103.05,60.0,DESCENT
47.9,9074.84,-25.0,0.0,104.4,60.0,DESCENT
48.0,9072.34,-25.0,0.0,105.75,60.0,DESCENT
48.1,9069.84,-25.0,0.0,107.1,60.0,DESCENT
48.2,9067.34,-25.0,0.0,108.45,60.0,DESCENT
48.3,9064.84,-25.0,0.0,109.8,60.0,DESCENT
48.4,9062.34,-25.0,0.0,111.15,60.0,DESCENT
48.5,9059.84,-25.0,0.0,112.5,60.0,DESCENT
48.6,9057.34,-25.0,0.0,113.85,60.0,DESCENT
48.7,9054.84,-25.0,0.0,115.2,60.0,DESCENT
48.8,9052.34,-25.0,0.0,116.55,60.0,DESCENT
48.9,9049.84,-25.0,0.0,117.9,60.0,DESCENT
49.0,9047.34,-25.0,0.0,119.25,60.0,DESCENT
49.1,9044.84,-25.0,0.0,120.6,60.0,DESCENT
49.2,9042.34,-25.0,0.0,121.95,60.0,DESCENT
49.3,9039.84,-25.0,0.0,123.3,60.0,DESCENT
49.4,9037.34,-25.0,0.0,124.65,60.0,DESCENT
49.5,9034.84,-25.0,0.0,126.0,60.0,DESCENT
49.6,9032.34,-25.0,0.0,127.35,60.0,DESCENT
49.7,9029.84,-25.0,0.0,128.7,60.0,DESCENT
49.8,9027.34,-25.0,0.0,130.05,60.0,DESCENT
49.9,9024.84,-25.0,0.0,131.4,60.0,DESCENT
50.0,9022.34,-25.0,0.0,132.75,60.0,DESCENT
50.1,9019.84,-25.0,0.0,134.1,60.0,DESCENT
50.2,9017.34,-25.0,0.0,135.45,60.0,DESCENT
50.3,9014.84,-25.0,0.0,136.8,60.0,DESCENT
50.4,9012.34,-25.0,0.0,138.15,60.0,DESCENT
50.5,9009.84,-25.0,0.0,139.5,60.0,DESCENT
50.6,9007.34,-25.0,0.0,140.85,60.0,DESCENT
50.7,9004.84,-25.0,0.0,142.2,60.0,DESCENT
50.8,9002.34,-25.0,0.0,143.55,60.0,DESCENT
50.9,8999.84,-25.0,0.0,144.9,60.0,DESCENT
51.0,8997.34,-25.0,0.0,146.25,60.0,DESCENT
51.1,8994.84,-25.0,0.0,147.6,60.0,DESCENT
51.2,8992.34,-25.0,0.0,148.95,60.0,DESCENT
51.3,8989.84,-25.0,0.0,150.3,60.0,DESCENT
51.4,8987.34,-25.0,0.0,151.65,60.0,DESCENT
51.5,8984.84,-25.0,0.0,153.0,60.0,DESCENT
51.6,8982.34,-25.0,0.0,154.35,60.0,DESCENT
51.7,8979.84,-25.0,0.0,155.7,60.0,DESCENT
51.8,8977.34,-25.0,0.0,157.05,60.0,DESCENT
51.9,8974.84,-25.0,0.0,158.4,60.0,DESCENT
52.0,8972.34,-25.0,0.0,159.75,60.0,DESCENT
52.1,8969.84,-25.0,0.0,161.1,60.0,DESCENT
52.2,8967.34,-25.0,0.0,162.45,60.0,DESCENT
52.3,8964.84,-25.0,0.0,163.8,60.0,DESCENT
52.4,8962.34,-25.0,0.0,165.15,60.0,DESCENT
52.5,8959.84,-25.0,0.0,166.5,60.0,DESCENT
52.6,8957.34,-25.0,0.0,167.85,60.0,DESCENT
52.7,8954.84,-25.0,0.0,169.2,60.0,DESCENT
52.8,8952.34,-25.0,0.0,170.55,60.0,DESCENT
52.9,8949.84,-25.0,0.0,171.9,60.0,DESCENT
53.0,8947.34,-25.0,0.0,173.25,60.0,DESCENT
53.1,8944.84,-25.0,0.0,174.6,60.0,DESCENT
53.2,8942.34,-25.0,0.0,175.95,60.0,DESCENT
53.3,8939.84,-25.0,0.0,177.3,60.0,DESCENT
53.4,8937.34,-25.0,0.0,178.65,60.0,DESCENT
53.5,8934.84,-25.0,0.0,180.0,60.0,DESCENT
53.6,8932.34,-25.0,0.0,181.35,60.0,DESCENT
53.7,8929.84,-25.0,0.0,182.7,60.0,DESCENT
53.8,8927.34,-25.0,0.0,184.05,60.0,DESCENT
53.9,8924.84,-25.0,0.0,185.4,60.0,DESCENT
54.0,8922.34,-25.0,0.0,186.75,60.0,DESCENT
54.1,8919.84,-25.0,0.0,188.1,60.0,DESCENT
54.2,8917.34,-25.0,0.0,189.45,60.0,DESCENT
54.3,8914.84,-25.0,0.0,190.8,60.0,DESCENT
54.4,8912.34,-25.0,0.0,192.15,60.0,DESCENT
54.5,8909.84,-25.0,0.0,193.5,60.0,DESCENT
54.6,8907.34,-25.0,0.0,194.85,60.0,DESCENT
54.7,8904.84,-25.0,0.0,196.2,60.0,DESCENT
54.8,8902.34,-25.0,0.0,197.55,60.0,DESCENT
54.9,8899.84,-25.0,0.0,198.9,60.0,DESCENT
55.0,8897.34,-25.0,0.0,200.25,60.0,DESCENT
55.1,8894.84,-25.0,0.0,201.6,60.0,DESCENT
55.2,8892.34,-25.0,0.0,202.95,60.0,DESCENT
55.3,8889.84,-25.0,0.0,204.3,60.0,DESCENT
55.4,8887.34,-25.0,0.0,205.65,60.0,DESCENT
55.5,8884.84,-25.0,0.0,207.0,60.0,DESCENT
55.6,8882.34,-25.0,0.0,208.35,60.0,DESCENT
55.7,8879.84,-25.0,0.0,209.7,60.0,DESCENT
55.8,8877.34,-25.0,0.0,211.05,60.0,DESCENT
55.9,8874.84,-25.0,0.0,212.4,60.0,DESCENT
56.0,8872.34,-25.0,0.0,213.75,60.0,DESCENT
56.1,8869.84,-25.0,0.0,215.1,60.0,DESCENT
56.2,8867.34,-25.0,0.0,216.45,60.0,DESCENT
56.3,8864.84,-25.0,0.0,217.8,60.0,DESCENT
56.4,8862.34,-25.0,0.0,219.15,60.0,DESCENT
56.5,8859.84,-25.0,0.0,220.5,60.0,DESCENT
56.6,8857.34,-25.0,0.0,221.85,60.0,DESCENT
56.7,8854.84,-25.0,0.0,223.2,60.0,DESCENT
56.8,8852.34,-25.0,0.0,224.55,60.0,DESCENT
56.9,8849.84,-25.0,0.0,225.9,60.0,DESCENT
57.0,8847.34,-25.0,0.0,227.25,60.0,DESCENT
57.1,8844.84,-25.0,0.0,228.6,60.0,DESCENT
57.2,8842.34,-25.0,0.0,229.95,60.0,DESCENT
57.3,8839.84,-25.0,0.0,231.3,60.0,DESCENT
57.4,8837.34,-25.0,0.0,232.65,60.0,DESCENT
57.5,8834.84,-25.0,0.0,234.0,60.0,DESCENT
57.6,8832.34,-25.0,0.0,235.35,60.0,DESCENT
57.7,8829.84,-25.0,0.0,236.7,60.0,DESCENT
57.8,8827.34,-25.0,0.0,238.05,60.0,DESCENT
57.9,8824.84,-25.0,0.0,239.4,60.0,DESCENT
58.0,8822.34,-25.0,0.0,240.75,60.0,DESCENT
58.1,8819.84,-25.0,0.0,242.1,60.0,DESCENT
58.2,8817.34,-25.0,0.0,243.45,60.0,DESCENT
58.3,8814.84,-25.0,0.0,244.8,60.0,DESCENT
58.4,8812.34,-25.0,0.0,246.15,60.0,DESCENT
58.5,8809.84,-25.0,0.0,247.5,60.0,DESCENT
58.6,8807.34,-25.0,0.0,248.85,60.0,DESCENT
58.7,8804.84,-25.0,0.0,250.2,60.0,DESCENT
58.8,8802.34,-25.0,0.0,251.55,60.0,DESCENT
58.9,8799.84,-25.0,0.0,252.9,60.0,DESCENT
59.0,8797.34,-25.0,0.0,254.25,60.0,DESCENT
59.1,8794.84,-25.0,0.0,255.6,60.0,DESCENT
59.2,8792.34,-25.0,0.0,256.95,60.0,DESCENT
59.3,8789.84,-25.0,0.0,258.3,60.0,DESCENT
59.4,8787.34,-25.0,0.0,259.65,60.0,DESCENT
59.5,8784.84,-25.0,0.0,261.0,60.0,DESCENT
59.6,8782.34,-25.0,0.0,262.35,60.0,DESCENT
59.7,8779.84,-25.0,0.0,263.7,60.0,DESCENT
59.8,8777.34,-25.0,0.0,265.05,60.0,DESCENT
59.9,8774.84,-25.0,0.0,266.4,60.0,DESCENT
60.0,8772.34,-25.0,0.0,267.75,60.0,DESCENT
60.1,8769.84,-25.0,0.0,269.1,60.0,DESCENT
60.2,8767.34,-25.0,0.0,270.45,60.0,DESCENT
60.3,8764.84,-25.0,0.0,271.8,60.0,DESCENT
60.4,8762.34,-25.0,0.0,273.15,60.0,DESCENT
60.5,8759.84,-25.0,0.0,274.5,60.0,DESCENT
60.6,8757.34,-25.0,0.0,275.85,60.0,DESCENT
60.7,8754.84,-25.0,0.0,277.2,60.0,DESCENT
60.8,8752.34,-25.0,0.0,278.55,60.0,DESCENT
60.9,8749.84,-25.0,0.0,279.9,60.0,DESCENT
61.0,8747.34,-25.0,0.0,281.25,60.0,DESCENT
61.1,8744.84,-25.0,0.0,282.6,60.0,DESCENT
61.2,8742.34,-25.0,0.0,283.95,60.0,DESCENT
61.3,8739.84,-25.0,0.0,285.3,60.0,DESCENT
61.4,8737.34,-25.0,0.0,286.65,60.0,DESCENT
61.5,8734.84,-25.0,0.0,288.0,60.0,DESCENT
61.6,8732.34,-25.0,0.0,289.35,60.0,DESCENT
61.7,8729.84,-25.0,0.0,290.7,60.0,DESCENT
61.8,8727.34,-25.0,0.0,292.05,60.0,DESCENT
61.9,8724.84,-25.0,0.0,293.4,60.0,DESCENT
62.0,8722.34,-25.0,0.0,294.75,60.0,DESCENT
62.1,8719.84,-25.0,0.0,296.1,60.0,DESCENT
62.2,8717.34,-25.0,0.0,297.45,60.0,DESCENT
62.3,8714.84,-25.0,0.0,298.8,60.0,DESCENT
62.4,8712.34,-25.0,0.0,300.15,60.0,DESCENT
62.5,8709.84,-25.0,0.0,301.5,60.0,DESCENT
62.6,8707.34,-25.0,0.0,302.85,60.0,DESCENT
62.7,8704.84,-25.0,0.0,304.2,60.0,DESCENT
62.8,8702.34,-25.0,0.0,305.55,60.0,DESCENT
62.9,8699.84,-25.0,0.0,306.9,60.0,DESCENT
63.0,8697.34,-25.0,0.0,308.25,60.0,DESCENT
63.1,8694.84,-25.0,0.0,309.6,60.0,DESCENT
63.2,8692.34,-25.0,0.0,310.95,60.0,DESCENT
63.3,8689.84,-25.0,0.0,312.3,60.0,DESCENT
63.4,8687.34,-25.0,0.0,313.65,60.0,DESCENT
63.5,8684.84,-25.0,0.0,315.0,60.0,DESCENT
63.6,8682.34,-25.0,0.0,316.35,60.0,DESCENT
63.7,8679.84,-25.0,0.0,317.7,60.0,DESCENT
63.8,8677.34,-25.0,0.0,319.05,60.0,DESCENT
63.9,8674.84,-25.0,0.0,320.4,60.0,DESCENT
64.0,8672.34,-25.0,0.0,321.75,60.0,DESCENT
64.1,8669.84,-25.0,0.0,323.1,60.0,DESCENT
64.2,8667.34,-25.0,0.0,324.45,60.0,DESCENT
64.3,8664.84,-25.0,0.0,325.8,60.0,DESCENT
64.4,8662.34,-25.0,0.0,327.15,60.0,DESCENT
64.5,8659.84,-25.0,0.0,328.5,60.0,DESCENT
64.6,8657.34,-25.0,0.0,329.85,60.0,DESCENT
64.7,8654.84,-25.0,0.0,331.2,60.0,DESCENT
64.8,8652.34,-25.0,0.0,332.55,60.0,DESCENT
64.9,8649.84,-25.0,0.0,333.9,60.0,DESCENT
65.0,8647.34,-25.0,0.0,335.25,60.0,DESCENT
65.1,8644.84,-25.0,0.0,336.6,60.0,DESCENT
65.2,8642.34,-25.0,0.0,337.95,60.0,DESCENT
65.3,8639.84,-25.0,0.0,339.3,60.0,DESCENT
65.4,8637.34,-25.0,0.0,340.65,60.0,DESCENT
65.5,8634.84,-25.0,0.0,342.0,60.0,DESCENT
65.6,8632.34,-25.0,0.0,343.35,60.0,DESCENT
65.7,8629.84,-25.0,0.0,344.7,60.0,DESCENT
65.8,8627.34,-25.0,0.0,346.05,60.0,DESCENT
65.9,8624.84,-25.0,0.0,347.4,60.0,DESCENT
66.0,8622.34,-25.0,0.0,348.75,60.0,DESCENT
66.1,8619.84,-25.0,0.0,350.1,60.0,DESCENT
66.2,8617.34,-25.0,0.0,351.45,60.0,DESCENT
66.3,8614.84,-25.0,0.0,352.8,60.0,DESCENT
66.4,8612.34,-25.0,0.0,354.15,60.0,DESCENT
66.5,8609.84,-25.0,0.0,355.5,60.0,DESCENT
66.6,8607.34,-25.0,0.0,356.85,60.0,DESCENT
66.7,8604.84,-25.0,0.0,358.2,60.0,DESCENT
66.8,8602.34,-25.0,0.0,359.55,60.0,DESCENT
66.9,8599.84,-25.0,0.0,360.9,60.0,DESCENT
67.0,8597.34,-25.0,0.0,362.25,60.0,DESCENT
67.1,8594.84,-25.0,0.0,363.6,60.0,DESCENT
67.2,8592.34,-25.0,0.0,364.95,60.0,DESCENT
67.3,8589.84,-25.0,0.0,366.3,60.0,DESCENT
67.4,8587.34,-25.0,0.0,367.65,60.0,DESCENT
67.5,8584.84,-25.0,0.0,369.0,60.0,DESCENT
67.6,8582.34,-25.0,0.0,370.35,60.0,DESCENT
67.7,8579.84,-25.0,0.0,371.7,60.0,DESCENT
67.8,8577.34,-25.0,0.0,373.05,60.0,DESCENT
67.9,8574.84,-25.0,0.0,374.4,60.0,DESCENT
68.0,8572.34,-25.0,0.0,375.75,60.0,DESCENT
68.1,8569.84,-25.0,0.0,377.1,60.0,DESCENT
68.2,8567.34,-25.0,0.0,378.45,60.0,DESCENT
68.3,8564.84,-25.0,0.0,379.8,60.0,DESCENT
68.4,8562.34,-25.0,0.0,381.15,60.0,DESCENT
68.5,8559.84,-25.0,0.0,382.5,60.0,DESCENT
68.6,8557.34,-25.0,0.0,383.85,60.0,DESCENT
68.7,8554.84,-25.0,0.0,385.2,60.0,DESCENT
68.8,8552.34,-25.0,0.0,386.55,60.0,DESCENT
68.9,8549.84,-25.0,0.0,387.9,60.0,DESCENT
69.0,8547.34,-25.0,0.0,389.25,60.0,DESCENT
69.1,8544.84,-25.0,0.0,390.6,60.0,DESCENT
69.2,8542.34,-25.0,0.0,391.95,60.0,DESCENT
69.3,8539.84,-25.0,0.0,393.3,60.0,DESCENT
69.4,8537.34,-25.0,0.0,394.65,60.0,DESCENT
69.5,8534.84,-25.0,0.0,396.0,60.0,DESCENT
69.6,8532.34,-25.0,0.0,397.35,60.0,DESCENT
69.7,8529.84,-25.0,0.0,398.7,60.0,DESCENT
69.8,8527.34,-25.0,0.0,400.05,60.0,DESCENT
69.9,8524.84,-25.0,0.0,401.4,60.0,DESCENT
70.0,8522.34,-25.0,0.0,402.75,60.0,DESCENT
70.1,8519.84,-25.0,0.0,404.1,60.0,DESCENT
70.2,8517.34,-25.0,0.0,405.45,60.0,DESCENT
70.3,8514.84,-25.0,0.0,406.8,60.0,DESCENT
70.4,8512.34,-25.0,0.0,408.15,60.0,DESCENT
70.5,8509.84,-25.0,0.0,409.5,60.0,DESCENT
70.6,8507.34,-25.0,0.0,410.85,60.0,DESCENT
70.7,8504.84,-25.0,0.0,412.2,60.0,DESCENT
70.8,8502.34,-25.0,0.0,413.55,60.0,DESCENT
70.9,8499.84,-25.0,0.0,414.9,60.0,DESCENT
71.0,8497.34,-25.0,0.0,416.25,60.0,DESCENT
71.1,8494.84,-25.0,0.0,417.6,60.0,DESCENT
71.2,8492.34,-25.0,0.0,418.95,60.0,DESCENT
71.3,8489.84,-25.0,0.0,420.3,60.0,DESCENT
71.4,8487.34,-25.0,0.0,421.65,60.0,DESCENT
71.5,8484.84,-25.0,0.0,423.0,60.0,DESCENT
71.6,8482.34,-25.0,0.0,424.35,60.0,DESCENT
71.7,8479.84,-25.0,0.0,425.7,60.0,DESCENT
71.8,8477.34,-25.0,0.0,427.05,60.0,DESCENT
71.9,8474.84,-25.0,0.0,428.4,60.0,DESCENT
72.0,8472.34,-25.0,0.0,429.75,60.0,DESCENT
72.1,8469.84,-25.0,0.0,431.1,60.0,DESCENT
72.2,8467.34,-25.0,0.0,432.45,60.0,DESCENT
72.3,8464.84,-25.0,0.0,433.8,60.0,DESCENT
72.4,8462.34,-25.0,0.0,435.15,60.0,DESCENT
72.5,8459.84,-25.0,0.0,436.5,60.0,DESCENT
72.6,8457.34,-25.0,0.0,437.85,60.0,DESCENT
72.7,8454.84,-25.0,0.0,439.2,60.0,DESCENT
72.8,8452.34,-25.0,0.0,440.55,60.0,DESCENT
72.9,8449.84,-25.0,0.0,441.9,60.0,DESCENT
73.0,8447.34,-25.0,0.0,443.25,60.0,DESCENT
73.1,8444.84,-25.0,0.0,444.6,60.0,DESCENT
73.2,8442.34,-25.0,0.0,445.95,60.0,DESCENT
73.3,8439.84,-25.0,0.0,447.3,60.0,DESCENT
73.4,8437.34,-25.0,0.0,448.65,60.0,DESCENT
73.5,8434.84,-25.0,0.0,450.0,60.0,DESCENT
73.6,8432.34,-25.0,0.0,451.35,60.0,DESCENT
73.7,8429.84,-25.0,0.0,452.7,60.0,DESCENT
73.8,8427.34,-25.0,0.0,454.05,60.0,DESCENT
73.9,8424.84,-25.0,0.0,455.4,60.0,DESCENT
74.0,8422.34,-25.0,0.0,456.75,60.0,DESCENT
74.1,8419.84,-25.0,0.0,458.1,60.0,DESCENT
74.2,8417.34,-25.0,0.0,459.45,60.0,DESCENT
74.3,8414.84,-25.0,0.0,460.8,60.0,DESCENT
74.4,8412.34,-25.0,0.0,462.15,60.0,DESCENT
74.5,8409.84,-25.0,0.0,463.5,60.0,DESCENT
74.6,8407.34,-25.0,0.0,464.85,60.0,DESCENT
74.7,8404.84,-25.0,0.0,466.2,60.0,DESCENT
74.8,8402.34,-25.0,0.0,467.55,60.0,DESCENT
74.9,8399.84,-25.0,0.0,468.9,60.0,DESCENT
75.0,8397.34,-25.0,0.0,470.25,60.0,DESCENT
75.1,8394.84,-25.0,0.0,471.6,60.0,DESCENT
75.2,8392.34,-25.0,0.0,472.95,60.0,DESCENT
75.3,8389.84,-25.0,0.0,474.3,60.0,DESCENT
75.4,8387.34,-25.0,0.0,475.65,60.0,DESCENT
75.5,8384.84,-25.0,0.0,477.0,60.0,DESCENT
75.6,8382.34,-25.0,0.0,478.35,60.0,DESCENT
75.7,8379.84,-25.0,0.0,479.7,60.0,DESCENT
75.8,8377.34,-25.0,0.0,481.05,60.0,DESCENT
75.9,8374.84,-25.0,0.0,482.4,60.0,DESCENT
76.0,8372.34,-25.0,0.0,483.75,60.0,DESCENT
76.1,8369.84,-25.0,0.0,485.1,60.0,DESCENT
76.2,8367.34,-25.0,0.0,486.45,60.0,DESCENT
76.3,8364.84,-25.0,0.0,487.8,60.0,DESCENT
76.4,8362.34,-25.0,0.0,489.15,60.0,DESCENT
76.5,8359.84,-25.0,0.0,490.5,60.0,DESCENT
76.6,8357.34,-25.0,0.0,491.85,60.0,DESCENT
76.7,8354.84,-25.0,0.0,493.2,60.0,DESCENT
76.8,8352.34,-25.0,0.0,494.55,60.0,DESCENT
76.9,8349.84,-25.0,0.0,495.9,60.0,DESCENT
77.0,8347.34,-25.0,0.0,497.25,60.0,DESCENT
77.1,8344.84,-25.0,0.0,498.6,60.0,DESCENT
77.2,8342.34,-25.0,0.0,499.95,60.0,DESCENT
77.3,8339.84,-25.0,0.0,501.3,60.0,DESCENT
77.4,8337.34,-25.0,0.0,502.65,60.0,DESCENT
77.5,8334.84,-25.0,0.0,504.0,60.0,DESCENT
77.6,8332.34,-25.0,0.0,505.35,60.0,DESCENT
77.7,8329.84,-25.0,0.0,506.7,60.0,DESCENT
77.8,8327.34,-25.0,0.0,508.05,60.0,DESCENT
77.9,8324.84,-25.0,0.0,509.4,60.0,DESCENT
78.0,8322.34,-25.0,0.0,510.75,60.0,DESCENT
78.1,8319.84,-25.0,0.0,512.1,60.0,DESCENT
78.2,8317.34,-25.0,0.0,513.45,60.0,DESCENT
78.3,8314.84,-25.0,0.0,514.8,60.0,DESCENT
78.4,8312.34,-25.0,0.0,516.15,60.0,DESCENT
78.5,8309.84,-25.0,0.0,517.5,60.0,DESCENT
78.6,8307.34,-25.0,0.0,518.85,60.0,DESCENT
78.7,8304.84,-25.0,0.0,520.2,60.0,DESCENT
78.8,8302.34,-25.0,0.0,521.55,60.0,DESCENT
78.9,8299.84,-25.0,0.0,522.9,60.0,DESCENT
79.0,8297.34,-25.0,0.0,524.25,60.0,DESCENT
79.1,8294.84,-25.0,0.0,525.6,60.0,DESCENT
79.2,8292.34,-25.0,0.0,526.95,60.0,DESCENT
79.3,8289.84,-25.0,0.0,528.3,60.0,DESCENT
79.4,8287.34,-25.0,0.0,529.65,60.0,DESCENT
79.5,8284.84,-25.0,0.0,531.0,60.0,DESCENT
79.6,8282.34,-25.0,0.0,532.35,60.0,DESCENT
79.7,8279.84,-25.0,0.0,533.7,60.0,DESCENT
79.8,8277.34,-25.0,0.0,535.05,60.0,DESCENT
79.9,8274.84,-25.0,0.0,536.4,60.0,DESCENT
80.0,8272.34,-25.0,0.0,537.75,60.0,DESCENT
80.1,8269.84,-25.0,0.0,539.1,60.0,DESCENT
80.2,8267.34,-25.0,0.0,540.45,60.0,DESCENT
80.3,8264.84,-25.0,0.0,541.8,60.0,DESCENT
80.4,8262.34,-25.0,0.0,543.15,60.0,DESCENT
80.5,8259.84,-25.0,0.0,544.5,60.0,DESCENT
80.6,8257.34,-25.0,0.0,545.85,60.0,DESCENT
80.7,8254.84,-25.0,0.0,547.2,60.0,DESCENT
80.8,8252.34,-25.0,0.0,548.55,60.0,DESCENT
80.9,8249.84,-25.0,0.0,549.9,60.0,DESCENT
81.0,8247.34,-25.0,0.0,551.25,60.0,DESCENT
81.1,8244.84,-25.0,0.0,552.6,60.0,DESCENT
81.2,8242.34,-25.0,0.0,553.95,60.0,DESCENT
81.3,8239.84,-25.0,0.0,555.3,60.0,DESCENT
81.4,8237.34,-25.0,0.0,556.65,60.0,DESCENT
81.5,8234.84,-25.0,0.0,558.0,60.0,DESCENT
81.6,8232.34,-25.0,0.0,559.35,60.0,DESCENT
81.7,8229.84,-25.0,0.0,560.7,60.0,DESCENT
81.8,8227.34,-25.0,0.0,562.05,60.0,DESCENT
81.9,8224.84,-25.0,0.0,563.4,60.0,DESCENT
82.0,8222.34,-25.0,0.0,564.75,60.0,DESCENT
82.1,8219.84,-25.0,0.0,566.1,60.0,DESCENT
82.2,8217.34,-25.0,0.0,567.45,60.0,DESCENT
82.3,8214.84,-25.0,0.0,568.8,60.0,DESCENT
82.4,8212.34,-25.0,0.0,570.15,60.0,DESCENT
82.5,8209.84,-25.0,0.0,571.5,60.0,DESCENT
82.6,8207.34,-25.0,0.0,572.85,60.0,DESCENT
82.7,8204.84,-25.0,0.0,574.2,60.0,DESCENT
82.8,8202.34,-25.0,0.0,575.55,60.0,DESCENT
82.9,8199.84,-25.0,0.0,576.9,60.0,DESCENT
83.0,8197.34,-25.0,0.0,578.25,60.0,DESCENT
83.1,8194.84,-25.0,0.0,579.6,60.0,DESCENT
83.2,8192.34,-25.0,0.0,580.95,60.0,DESCENT
83.3,8189.84,-25.0,0.0,582.3,60.0,DESCENT
83.4,8187.34,-25.0,0.0,583.65,60.0,DESCENT
83.5,8184.84,-25.0,0.0,585.0,60.0,DESCENT
83.6,8182.34,-25.0,0.0,586.35,60.0,DESCENT
83.7,8179.84,-25.0,0.0,587.7,60.0,DESCENT
83.8,8177.34,-25.0,0.0,589.05,60.0,DESCENT
83.9,8174.84,-25.0,0.0,590.4,60.0,DESCENT
84.0,8172.34,-25.0,0.0,591.75,60.0,DESCENT
84.1,8169.84,-25.0,0.0,593.1,60.0,DESCENT
84.2,8167.34,-25.0,0.0,594.45,60.0,DESCENT
84.3,8164.84,-25.0,0.0,595.8,60.0,DESCENT
84.4,8162.34,-25.0,0.0,597.15,60.0,DESCENT
84.5,8159.84,-25.0,0.0,598.5,60.0,DESCENT
84.6,8157.34,-25.0,0.0,599.85,60.0,DESCENT
84.7,8154.84,-25.0,0.0,601.2,60.0,DESCENT
84.8,8152.34,-25.0,0.0,602.55,60.0,DESCENT
84.9,8149.84,-25.0,0.0,603.9,60.0,DESCENT
85.0,8147.34,-25.0,0.0,605.25,60.0,DESCENT
85.1,8144.84,-25.0,0.0,606.6,60.0,DESCENT
85.2,8142.34,-25.0,0.0,607.95,60.0,DESCENT
85.3,8139.84,-25.0,0.0,609.3,60.0,DESCENT
85.4,8137.34,-25.0,0.0,610.65,60.0,DESCENT
85.5,8134.84,-25.0,0.0,612.0,60.0,DESCENT
85.6,8132.34,-25.0,0.0,613.35,60.0,DESCENT
85.7,8129.84,-25.0,0.0,614.7,60.0,DESCENT
85.8,8127.34,-25.0,0.0,616.05,60.0,DESCENT
85.9,8124.84,-25.0,0.0,617.4,60.0,DESCENT
86.0,8122.34,-25.0,0.0,618.75,60.0,DESCENT
86.1,8119.84,-25.0,0.0,620.1,60.0,DESCENT
86.2,8117.34,-25.0,0.0,621.45,60.0,DESCENT
86.3,8114.84,-25.0,0.0,622.8,60.0,DESCENT
86.4,8112.34,-25.0,0.0,624.15,60.0,DESCENT
86.5,8109.84,-25.0,0.0,625.5,60.0,DESCENT
86.6,8107.34,-25.0,0.0,626.85,60.0,DESCENT
86.7,8104.84,-25.0,0.0,628.2,60.0,DESCENT
86.8,8102.34,-25.0,0.0,629.55,60.0,DESCENT
86.9,8099.84,-25.0,0.0,630.9,60.0,DESCENT
87.0,8097.34,-25.0,0.0,632.25,60.0,DESCENT
87.1,8094.84,-25.0,0.0,633.6,60.0,DESCENT
87.2,8092.34,-25.0,0.0,634.95,60.0,DESCENT
87.3,8089.84,-25.0,0.0,636.3,60.0,DESCENT
87.4,8087.34,-25.0,0.0,637.65,60.0,DESCENT
87.5,8084.84,-25.0,0.0,639.0,60.0,DESCENT
87.6,8082.34,-25.0,0.0,640.35,60.0,DESCENT
87.7,8079.84,-25.0,0.0,641.7,60.0,DESCENT
87.8,8077.34,-25.0,0.0,643.05,60.0,DESCENT
87.9,8074.84,-25.0,0.0,644.4,60.0,DESCENT
88.0,8072.34,-25.0,0.0,645.75,60.0,DESCENT
88.1,8069.84,-25.0,0.0,647.1,60.0,DESCENT
88.2,8067.34,-25.0,0.0,648.45,60.0,DESCENT
88.3,8064.84,-25.0,0.0,649.8,60.0,DESCENT
88.4,8062.34,-25.0,0.0,651.15,60.0,DESCENT
88.5,8059.84,-25.0,0.0,652.5,60.0,DESCENT
88.6,8057.34,-25.0,0.0,653.85,60.0,DESCENT
88.7,8054.84,-25.0,0.0,655.2,60.0,DESCENT
88.8,8052.34,-25.0,0.0,656.55,60.0,DESCENT
88.9,8049.84,-25.0,0.0,657.9,60.0,DESCENT
89.0,8047.34,-25.0,0.0,659.25,60.0,DESCENT
89.1,8044.84,-25.0,0.0,660.6,60.0,DESCENT
89.2,8042.34,-25.0,0.0,661.95,60.0,DESCENT
89.3,8039.84,-25.0,0.0,663.3,60.0,DESCENT
89.4,8037.34,-25.0,0.0,664.65,60.0,DESCENT
89.5,8034.84,-25.0,0.0,666.0,60.0,DESCENT
89.6,8032.34,-25.0,0.0,667.35,60.0,DESCENT
89.7,8029.84,-25.0,0.0,668.7,60.0,DESCENT
89.8,8027.34,-25.0,0.0,670.05,60.0,DESCENT
89.9,8024.84,-25.0,0.0,671.4,60.0,DESCENT
90.0,8022.34,-25.0,0.0,672.75,60.0,DESCENT
90.1,8019.84,-25.0,0.0,674.1,60.0,DESCENT
90.2,8017.34,-25.0,0.0,675.45,60.0,DESCENT
90.3,8014.84,-25.0,0.0,676.8,60.0,DESCENT
90.4,8012.34,-25.0,0.0,678.15,60.0,DESCENT
90.5,8009.84,-25.0,0.0,679.5,60.0,DESCENT
90.6,8007.34,-25.0,0.0,680.85,60.0,DESCENT
90.7,8004.84,-25.0,0.0,682.2,60.0,DESCENT
90.8,8002.34,-25.0,0.0,683.55,60.0,DESCENT
90.9,7999.84,-25.0,0.0,684.9,60.0,DESCENT
91.0,7997.34,-25.0,0.0,686.25,60.0,DESCENT
91.1,7994.84,-25.0,0.0,687.6,60.0,DESCENT
91.2,7992.34,-25.0,0.0,688.95,60.0,DESCENT
91.3,7989.84,-25.0,0.0,690.3,60.0,DESCENT
91.4,7987.34,-25.0,0.0,691.65,60.0,DESCENT
91.5,7984.84,-25.0,0.0,693.0,60.0,DESCENT
91.6,7982.34,-25.0,0.0,694.35,60.0,DESCENT
91.7,7979.84,-25.0,0.0,695.7,60.0,DESCENT
91.8,7977.34,-25.0,0.0,697.05,60.0,DESCENT
91.9,7974.84,-25.0,0.0,698.4,60.0,DESCENT
92.0,7972.34,-25.0,0.0,699.75,60.0,DESCENT
92.1,7969.84,-25.0,0.0,701.1,60.0,DESCENT
92.2,7967.34,-25.0,0.0,702.45,60.0,DESCENT
92.3,7964.84,-25.0,0.0,703.8,60.0,DESCENT
92.4,7962.34,-25.0,0.0,705.15,60.0,DESCENT
92.5,7959.84,-25.0,0.0,706.5,60.0,DESCENT
92.6,7957.34,-25.0,0.0,707.85,60.0,DESCENT
92.7,7954.84,-25.0,0.0,709.2,60.0,DESCENT
92.8,7952.34,-25.0,0.0,710.55,60.0,DESCENT
92.9,7949.84,-25.0,0.0,711.9,60.0,DESCENT
93.0,7947.34,-25.0,0.0,713.25,60.0,DESCENT
93.1,7944.84,-25.0,0.0,714.6,60.0,DESCENT
93.2,7942.34,-25.0,0.0,715.95,60.0,DESCENT
93.3,7939.84,-25.0,0.0,717.3,60.0,DESCENT
93.4,7937.34,-25.0,0.0,718.65,60.0,DESCENT
93.5,7934.84,-25.0,0.0,720.0,60.0,DESCENT
93.6,7932.34,-25.0,0.0,721.35,60.0,DESCENT
93.7,7929.84,-25.0,0.0,722.7,60.0,DESCENT
93.8,7927.34,-25.0,0.0,724.05,60.0,DESCENT
93.9,7924.84,-25.0,0.0,725.4,60.0,DESCENT
94.0,7922.34,-25.0,0.0,726.75,60.0,DESCENT
94.1,7919.84,-25.0,0.0,728.1,60.0,DESCENT
94.2,7917.34,-25.0,0.0,729.45,60.0,DESCENT
94.3,7914.84,-25.0,0.0,730.8,60.0,DESCENT
94.4,7912.34,-25.0,0.0,732.15,60.0,DESCENT
94.5,7909.84,-25.0,0.0,733.5,60.0,DESCENT
94.6,7907.34,-25.0,0.0,734.85,60.0,DESCENT
94.7,7904.84,-25.0,0.0,736.2,60.0,DESCENT
94.8,7902.34,-25.0,0.0,737.55,60.0,DESCENT
94.9,7899.84,-25.0,0.0,738.9,60.0,DESCENT
95.0,7897.34,-25.0,0.0,740.25,60.0,DESCENT
95.1,7894.84,-25.0,0.0,741.6,60.0,DESCENT
95.2,7892.34,-25.0,0.0,742.95,60.0,DESCENT
95.3,7889.84,-25.0,0.0,744.3,60.0,DESCENT
95.4,7887.34,-25.0,0.0,745.65,60.0,DESCENT
95.5,7884.84,-25.0,0.0,747.0,60.0,DESCENT
95.6,7882.34,-25.0,0.0,748.35,60.0,DESCENT
95.7,7879.84,-25.0,0.0,749.7,60.0,DESCENT
95.8,7877.34,-25.0,0.0,751.05,60.0,DESCENT
95.9,7874.84,-25.0,0.0,752.4,60.0,DESCENT
96.0,7872.34,-25.0,0.0,753.75,60.0,DESCENT
96.1,7869.84,-25.0,0.0,755.1,60.0,DESCENT
96.2,7867.34,-25.0,0.0,756.45,60.0,DESCENT
96.3,7864.84,-25.0,0.0,757.8,60.0,DESCENT
96.4,7862.34,-25.0,0.0,759.15,60.0,DESCENT
96.5,7859.84,-25.0,0.0,760.5,60.0,DESCENT
96.6,7857.34,-25.0,0.0,761.85,60.0,DESCENT
96.7,7854.84,-25.0,0.0,763.2,60.0,DESCENT
96.8,7852.34,-25.0,0.0,764.55,60.0,DESCENT
96.9,7849.84,-25.0,0.0,765.9,60.0,DESCENT
97.0,7847.34,-25.0,0.0,767.25,60.0,DESCENT
97.1,7844.84,-25.0,0.0,768.6,60.0,DESCENT
97.2,7842.34,-25.0,0.0,769.95,60.0,DESCENT
97.3,7839.84,-25.0,0.0,771.3,60.0,DESCENT
97.4,7837.34,-25.0,0.0,772.65,60.0,DESCENT
97.5,7834.84,-25.0,0.0,774.0,60.0,DESCENT
97.6,7832.34,-25.0,0.0,775.35,60.0,DESCENT
97.7,7829.84,-25.0,0.0,776.7,60.0,DESCENT
97.8,7827.34,-25.0,0.0,778.05,60.0,DESCENT
97.9,7824.84,-25.0,0.0,779.4,60.0,DESCENT
98.0,7822.34,-25.0,0.0,780.75,60.0,DESCENT
98.1,7819.84,-25.0,0.0,782.1,60.0,DESCENT
98.2,7817.34,-25.0,0.0,783.45,60.0,DESCENT
98.3,7814.84,-25.0,0.0,784.8,60.0,DESCENT
98.4,7812.34,-25.0,0.0,786.15,60.0,DESCENT
98.5,7809.84,-25.0,0.0,787.5,60.0,DESCENT
98.6,7807.34,-25.0,0.0,788.85,60.0,DESCENT
98.7,7804.84,-25.0,0.0,790.2,60.0,DESCENT
98.8,7802.34,-25.0,0.0,791.55,60.0,DESCENT
98.9,7799.84,-25.0,0.0,792.9,60.0,DESCENT
99.0,7797.34,-25.0,0.0,794.25,60.0,DESCENT
99.1,7794.84,-25.0,0.0,795.6,60.0,DESCENT
99.2,7792.34,-25.0,0.0,796.95,60.0,DESCENT
99.3,7789.84,-25.0,0.0,798.3,60.0,DESCENT
99.4,7787.34,-25.0,0.0,799.65,60.0,DESCENT
99.5,7784.84,-25.0,0.0,801.0,60.0,DESCENT
99.6,7782.34,-25.0,0.0,802.35,60.0,DESCENT
99.7,7779.84,-25.0,0.0,803.7,60.0,DESCENT
99.8,7777.34,-25.0,0.0,805.05,60.0,DESCENT
99.9,7774.84,-25.0,0.0,806.4,60.0,DESCENT
100.0,7772.34,-25.0,0.0,807.75,60.0,DESCENT
100.1,7769.84,-25.0,0.0,809.1,60.0,DESCENT
100.2,7767.34,-25.0,0.0,810.45,60.0,DESCENT
100.3,7764.84,-25.0,0.0,811.8,60.0,DESCENT
100.4,7762.34,-25.0,0.0,813.15,60.0,DESCENT
100.5,7759.84,-25.0,0.0,814.5,60.0,DESCENT
100.6,7757.34,-25.0,0.0,815.85,60.0,DESCENT
100.7,7754.84,-25.0,0.0,817.2,60.0,DESCENT
100.8,7752.34,-25.0,0.0,818.55,60.0,DESCENT
100.9,7749.84,-25.0,0.0,819.9,60.0,DESCENT
101.0,7747.34,-25.0,0.0,821.25,60.0,DESCENT
101.1,7744.84,-25.0,0.0,822.6,60.0,DESCENT
101.2,7742.34,-25.0,0.0,823.95,60.0,DESCENT
101.3,7739.84,-25.0,0.0,825.3,60.0,DESCENT
101.4,7737.34,-25.0,0.0,826.65,60.0,DESCENT
101.5,7734.84,-25.0,0.0,828.0,60.0,DESCENT
101.6,7732.34,-25.0,0.0,829.35,60.0,DESCENT
101.7,7729.84,-25.0,0.0,830.7,60.0,DESCENT
101.8,7727.34,-25.0,0.0,832.05,60.0,DESCENT
101.9,7724.84,-25.0,0.0,833.4,60.0,DESCENT
102.0,7722.34,-25.0,0.0,834.75,60.0,DESCENT
102.1,7719.84,-25.0,0.0,836.1,60.0,DESCENT
102.2,7717.34,-25.0,0.0,837.45,60.0,DESCENT
102.3,7714.84,-25.0,0.0,838.8,60.0,DESCENT
102.4,7712.34,-25.0,0.0,840.15,60.0,DESCENT
102.5,7709.84,-25.0,0.0,841.5,60.0,DESCENT
102.6,7707.34,-25.0,0.0,842.85,60.0,DESCENT
102.7,7704.84,-25.0,0.0,844.2,60.0,DESCENT
102.8,7702.34,-25.0,0.0,845.55,60.0,DESCENT
102.9,7699.84,-25.0,0.0,846.9,60.0,DESCENT
103.0,7697.34,-25.0,0.0,848.25,60.0,DESCENT
103.1,7694.84,-25.0,0.0,849.6,60.0,DESCENT
103.2,7692.34,-25.0,0.0,850.95,60.0,DESCENT
103.3,7689.84,-25.0,0.0,852.3,60.0,DESCENT
103.4,7687.34,-25.0,0.0,853.65,60.0,DESCENT
103.5,7684.84,-25.0,0.0,855.0,60.0,DESCENT
103.6,7682.34,-25.0,0.0,856.35,60.0,DESCENT
103.7,7679.84,-25.0,0.0,857.7,60.0,DESCENT
103.8,7677.34,-25.0,0.0,859.05,60.0,DESCENT
103.9,7674.84,-25.0,0.0,860.4,60.0,DESCENT
104.0,7672.34,-25.0,0.0,861.75,60.0,DESCENT
104.1,7669.84,-25.0,0.0,863.1,60.0,DESCENT
104.2,7667.34,-25.0,0.0,864.45,60.0,DESCENT
104.3,7664.84,-25.0,0.0,865.8,60.0,DESCENT
104.4,7662.34,-25.0,0.0,867.15,60.0,DESCENT
104.5,7659.84,-25.0,0.0,868.5,60.0,DESCENT
104.6,7657.34,-25.0,0.0,869.85,60.0,DESCENT
104.7,7654.84,-25.0,0.0,871.2,60.0,DESCENT
104.8,7652.34,-25.0,0.0,872.55,60.0,DESCENT
104.9,7649.84,-25.0,0.0,873.9,60.0,DESCENT
105.0,7647.34,-25.0,0.0,875.25,60.0,DESCENT
105.1,7644.84,-25.0,0.0,876.6,60.0,DESCENT
105.2,7642.34,-25.0,0.0,877.95,60.0,DESCENT
105.3,7639.84,-25.0,0.0,879.3,60.0,DESCENT
105.4,7637.34,-25.0,0.0,880.65,60.0,DESCENT
105.5,7634.84,-25.0,0.0,882.0,60.0,DESCENT
105.6,7632.34,-25.0,0.0,883.35,60.0,DESCENT
105.7,7629.84,-25.0,0.0,884.7,60.0,DESCENT
105.8,7627.34,-25.0,0.0,886.05,60.0,DESCENT
105.9,7624.84,-25.0,0.0,887.4,60.0,DESCENT
106.0,7622.34,-25.0,0.0,888.75,60.0,DESCENT
106.1,7619.84,-25.0,0.0,890.1,60.0,DESCENT
106.2,7617.34,-25.0,0.0,891.45,60.0,DESCENT
106.3,7614.84,-25.0,0.0,892.8,60.0,DESCENT
106.4,7612.34,-25.0,0.0,894.15,60.0,DESCENT
106.5,7609.84,-25.0,0.0,895.5,60.0,DESCENT
106.6,7607.34,-25.0,0.0,896.85,60.0,DESCENT
106.7,7604.84,-25.0,0.0,898.2,60.0,DESCENT
106.8,7602.34,-25.0,0.0,899.55,60.0,DESCENT
106.9,7599.84,-25.0,0.0,900.9,60.0,DESCENT
107.0,7597.34,-25.0,0.0,902.25,60.0,DESCENT
107.1,7594.84,-25.0,0.0,903.6,60.0,DESCENT
107.2,7592.34,-25.0,0.0,904.95,60.0,DESCENT
107.3,7589.84,-25.0,0.0,906.3,60.0,DESCENT
107.4,7587.34,-25.0,0.0,907.65,60.0,DESCENT
107.5,7584.84,-25.0,0.0,909.0,60.0,DESCENT
107.6,7582.34,-25.0,0.0,910.35,60.0,DESCENT
107.7,7579.84,-25.0,0.0,911.7,60.0,DESCENT
107.8,7577.34,-25.0,0.0,913.05,60.0,DESCENT
107.9,7574.84,-25.0,0.0,914.4,60.0,DESCENT
108.0,7572.34,-25.0,0.0,915.75,60.0,DESCENT
108.1,7569.84,-25.0,0.0,917.1,60.0,DESCENT
108.2,7567.34,-25.0,0.0,918.45,60.0,DESCENT
108.3,7564.84,-25.0,0.0,919.8,60.0,DESCENT
108.4,7562.34,-25.0,0.0,921.15,60.0,DESCENT
108.5,7559.84,-25.0,0.0,922.5,60.0,DESCENT
108.6,7557.34,-25.0,0.0,923.85,60.0,DESCENT
108.7,7554.84,-25.0,0.0,925.2,60.0,DESCENT
108.8,7552.34,-25.0,0.0,926.55,60.0,DESCENT
108.9,7549.84,-25.0,0.0,927.9,60.0,DESCENT
109.0,7547.34,-25.0,0.0,929.25,60.0,DESCENT
109.1,7544.84,-25.0,0.0,930.6,60.0,DESCENT
109.2,7542.34,-25.0,0.0,931.95,60.0,DESCENT
109.3,7539.84,-25.0,0.0,933.3,60.0,DESCENT
109.4,7537.34,-25.0,0.0,934.65,60.0,DESCENT
109.5,7534.84,-25.0,0.0,936.0,60.0,DESCENT
109.6,7532.34,-25.0,0.0,937.35,60.0,DESCENT
109.7,7529.84,-25.0,0.0,938.7,60.0,DESCENT
109.8,7527.34,-25.0,0.0,940.05,60.0,DESCENT
109.9,7524.84,-25.0,0.0,941.4,60.0,DESCENT
110.0,7522.34,-25.0,0.0,942.75,60.0,DESCENT
110.1,7519.84,-25.0,0.0,944.1,60.0,DESCENT
110.2,7517.34,-25.0,0.0,945.45,60.0,DESCENT
110.3,7514.84,-25.0,0.0,946.8,60.0,DESCENT
110.4,7512.34,-25.0,0.0,948.15,60.0,DESCENT
110.5,7509.84,-25.0,0.0,949.5,60.0,DESCENT
110.6,7507.34,-25.0,0.0,950.85,60.0,DESCENT
110.7,7504.84,-25.0,0.0,952.2,60.0,DESCENT
110.8,7502.34,-25.0,0.0,953.55,60.0,DESCENT
110.9,7499.84,-25.0,0.0,954.9,60.0,DESCENT
111.0,7497.34,-25.0,0.0,956.25,60.0,DESCENT
111.1,7494.84,-25.0,0.0,957.6,60.0,DESCENT
111.2,7492.34,-25.0,0.0,958.95,60.0,DESCENT
111.3,7489.84,-25.0,0.0,960.3,60.0,DESCENT
111.4,7487.34,-25.0,0.0,961.65,60.0,DESCENT
111.5,7484.84,-25.0,0.0,963.0,60.0,DESCENT
111.6,7482.34,-25.0,0.0,964.35,60.0,DESCENT
111.7,7479.84,-25.0,0.0,965.7,60.0,DESCENT
111.8,7477.34,-25.0,0.0,967.05,60.0,DESCENT
111.9,7474.84,-25.0,0.0,968.4,60.0,DESCENT
112.0,7472.34,-25.0,0.0,969.75,60.0,DESCENT
112.1,7469.84,-25.0,0.0,971.1,60.0,DESCENT
112.2,7467.34,-25.0,0.0,972.45,60.0,DESCENT
112.3,7464.84,-25.0,0.0,973.8,60.0,DESCENT
112.4,7462.34,-25.0,0.0,975.15,60.0,DESCENT
112.5,7459.84,-25.0,0.0,976.5,60.0,DESCENT
112.6,7457.34,-25.0,0.0,977.85,60.0,DESCENT
112.7,7454.84,-25.0,0.0,979.2,60.0,DESCENT
112.8,7452.34,-25.0,0.0,980.55,60.0,DESCENT
112.9,7449.84,-25.0,0.0,981.9,60.0,DESCENT
113.0,7447.34,-25.0,0.0,983.25,60.0,DESCENT
113.1,7444.84,-25.0,0.0,984.6,60.0,DESCENT
113.2,7442.34,-25.0,0.0,985.95,60.0,DESCENT
113.3,7439.84,-25.0,0.0,987.3,60.0,DESCENT
113.4,7437.34,-25.0,0.0,988.65,60.0,DESCENT
113.5,7434.84,-25.0,0.0,990.0,60.0,DESCENT
113.6,7432.34,-25.0,0.0,991.35,60.0,DESCENT
113.7,7429.84,-25.0,0.0,992.7,60.0,DESCENT
113.8,7427.34,-25.0,0.0,994.05,60.0,DESCENT
113.9,7424.84,-25.0,0.0,995.4,60.0,DESCENT
114.0,7422.34,-25.0,0.0,996.75,60.0,DESCENT
114.1,7419.84,-25.0,0.0,998.1,60.0,DESCENT
114.2,7417.34,-25.0,0.0,999.45,60.0,DESCENT
114.3,7414.84,-25.0,0.0,1000.8,60.0,DESCENT
114.4,7412.34,-25.0,0.0,1002.15,60.0,DESCENT
114.5,7409.84,-25.0,0.0,1003.5,60.0,DESCENT
114.6,7407.34,-25.0,0.0,1004.85,60.0,DESCENT
114.7,7404.84,-25.0,0.0,1006.2,60.0,DESCENT
114.8,7402.34,-25.0,0.0,1007.55,60.0,DESCENT
114.9,7399.84,-25.0,0.0,1008.9,60.0,DESCENT
115.0,7397.34,-25.0,0.0,1010.25,60.0,DESCENT
115.1,7394.84,-25.0,0.0,1011.6,60.0,DESCENT
115.2,7392.34,-25.0,0.0,1012.95,60.0,DESCENT
115.3,7389.84,-25.0,0.0,1014.3,60.0,DESCENT
115.4,7387.34,-25.0,0.0,1015.65,60.0,DESCENT
115.5,7384.84,-25.0,0.0,1017.0,60.0,DESCENT
115.6,7382.34,-25.0,0.0,1018.35,60.0,DESCENT
115.7,7379.84,-25.0,0.0,1019.7,60.0,DESCENT
115.8,7377.34,-25.0,0.0,1021.05,60.0,DESCENT
115.9,7374.84,-25.0,0.0,1022.4,60.0,DESCENT
116.0,7372.34,-25.0,0.0,1023.75,60.0,DESCENT
116.1,7369.84,-25.0,0.0,1025.1,60.0,DESCENT
116.2,7367.34,-25.0,0.0,1026.45,60.0,DESCENT
116.3,7364.84,-25.0,0.0,1027.8,60.0,DESCENT
116.4,7362.34,-25.0,0.0,1029.15,60.0,DESCENT
116.5,7359.84,-25.0,0.0,1030.5,60.0,DESCENT
116.6,7357.34,-25.0,0.0,1031.85,60.0,DESCENT
116.7,7354.84,-25.0,0.0,1033.2,60.0,DESCENT
116.8,7352.34,-25.0,0.0,1034.55,60.0,DESCENT
116.9,7349.84,-25.0,0.0,1035.9,60.0,DESCENT
117.0,7347.34,-25.0,0.0,1037.25,60.0,DESCENT
117.1,7344.84,-25.0,0.0,1038.6,60.0,DESCENT
117.2,7342.34,-25.0,0.0,1039.95,60.0,DESCENT
117.3,7339.84,-25.0,0.0,1041.3,60.0,DESCENT
117.4,7337.34,-25.0,0.0,1042.65,60.0,DESCENT
117.5,7334.84,-25.0,0.0,1044.0,60.0,DESCENT
117.6,7332.34,-25.0,0.0,1045.35,60.0,DESCENT
117.7,7329.84,-25.0,0.0,1046.7,60.0,DESCENT
117.8,7327.34,-25.0,0.0,1048.05,60.0,DESCENT
117.9,7324.84,-25.0,0.0,1049.4,60.0,DESCENT
118.0,7322.34,-25.0,0.0,1050.75,60.0,DESCENT
118.1,7319.84,-25.0,0.0,1052.1,60.0,DESCENT
118.2,7317.34,-25.0,0.0,1053.45,60.0,DESCENT
118.3,7314.84,-25.0,0.0,1054.8,60.0,DESCENT
118.4,7312.34,-25.0,0.0,1056.15,60.0,DESCENT
118.5,7309.84,-25.0,0.0,1057.5,60.0,DESCENT
118.6,7307.34,-25.0,0.0,1058.85,60.0,DESCENT
118.7,7304.84,-25.0,0.0,1060.2,60.0,DESCENT
118.8,7302.34,-25.0,0.0,1061.55,60.0,DESCENT
118.9,7299.84,-25.0,0.0,1062.9,60.0,DESCENT
119.0,7297.34,-25.0,0.0,1064.25,60.0,DESCENT
119.1,7294.84,-25.0,0.0,1065.6,60.0,DESCENT
119.2,7292.34,-25.0,0.0,1066.95,60.0,DESCENT
119.3,7289.84,-25.0,0.0,1068.3,60.0,DESCENT
119.4,7287.34,-25.0,0.0,1069.65,60.0,DESCENT
119.5,7284.84,-25.0,0.0,1071.0,60.0,DESCENT
119.6,7282.34,-25.0,0.0,1072.35,60.0,DESCENT
119.7,7279.84,-25.0,0.0,1073.7,60.0,DESCENT
119.8,7277.34,-25.0,0.0,1075.05,60.0,DESCENT
119.9,7274.84,-25.0,0.0,1076.4,60.0,DESCENT
120.0,7272.34,-25.0,0.0,1077.75,60.0,DESCENT
120.1,7269.84,-25.0,0.0,1079.1,60.0,DESCENT
120.2,7267.34,-25.0,0.0,1080.45,60.0,DESCENT
120.3,7264.84,-25.0,0.0,1081.8,60.0,DESCENT
120.4,7262.34,-25.0,0.0,1083.15,60.0,DESCENT
120.5,7259.84,-25.0,0.0,1084.5,60.0,DESCENT
120.6,7257.34,-25.0,0.0,1085.85,60.0,DESCENT
120.7,7254.84,-25.0,0.0,1087.2,60.0,DESCENT
120.8,7252.34,-25.0,0.0,1088.55,60.0,DESCENT
120.9,7249.84,-25.0,0.0,1089.9,60.0,DESCENT
121.0,7247.34,-25.0,0.0,1091.25,60.0,DESCENT
121.1,7244.84,-25.0,0.0,1092.6,60.0,DESCENT
121.2,7242.34,-25.0,0.0,1093.95,60.0,DESCENT
121.3,7239.84,-25.0,0.0,1095.3,60.0,DESCENT
121.4,7237.34,-25.0,0.0,1096.65,60.0,DESCENT
121.5,7234.84,-25.0,0.0,1098.0,60.0,DESCENT
121.6,7232.34,-25.0,0.0,1099.35,60.0,DESCENT
121.7,7229.84,-25.0,0.0,1100.7,60.0,DESCENT
121.8,7227.34,-25.0,0.0,1102.05,60.0,DESCENT
121.9,7224.84,-25.0,0.0,1103.4,60.0,DESCENT
122.0,7222.34,-25.0,0.0,1104.75,60.0,DESCENT
122.1,7219.84,-25.0,0.0,1106.1,60.0,DESCENT
122.2,7217.34,-25.0,0.0,1107.45,60.0,DESCENT
122.3,7214.84,-25.0,0.0,1108.8,60.0,DESCENT
122.4,7212.34,-25.0,0.0,1110.15,60.0,DESCENT
122.5,7209.84,-25.0,0.0,1111.5,60.0,DESCENT
122.6,7207.34,-25.0,0.0,1112.85,60.0,DESCENT
122.7,7204.84,-25.0,0.0,1114.2,60.0,DESCENT
122.8,7202.34,-25.0,0.0,1115.55,60.0,DESCENT
122.9,7199.84,-25.0,0.0,1116.9,60.0,DESCENT
123.0,7197.34,-25.0,0.0,1118.25,60.0,DESCENT
123.1,7194.84,-25.0,0.0,1119.6,60.0,DESCENT
123.2,7192.34,-25.0,0.0,1120.95,60.0,DESCENT
123.3,7189.84,-25.0,0.0,1122.3,60.0,DESCENT
123.4,7187.34,-25.0,0.0,1123.65,60.0,DESCENT
123.5,7184.84,-25.0,0.0,1125.0,60.0,DESCENT
123.6,7182.34,-25.0,0.0,1126.35,60.0,DESCENT
123.7,7179.84,-25.0,0.0,1127.7,60.0,DESCENT
123.8,7177.34,-25.0,0.0,1129.05,60.0,DESCENT
123.9,7174.84,-25.0,0.0,1130.4,60.0,DESCENT
124.0,7172.34,-25.0,0.0,1131.75,60.0,DESCENT
124.1,7169.84,-25.0,0.0,1133.1,60.0,DESCENT
124.2,7167.34,-25.0,0.0,1134.45,60.0,DESCENT
124.3,7164.84,-25.0,0.0,1135.8,60.0,DESCENT
124.4,7162.34,-25.0,0.0,1137.15,60.0,DESCENT
124.5,7159.84,-25.0,0.0,1138.5,60.0,DESCENT
124.6,7157.34,-25.0,0.0,1139.85,60.0,DESCENT
124.7,7154.84,-25.0,0.0,1141.2,60.0,DESCENT
124.8,7152.34,-25.0,0.0,1142.55,60.0,DESCENT
124.9,7149.84,-25.0,0.0,1143.9,60.0,DESCENT
125.0,7147.34,-25.0,0.0,1145.25,60.0,DESCENT
125.1,7144.84,-25.0,0.0,1146.6,60.0,DESCENT
125.2,7142.34,-25.0,0.0,1147.95,60.0,DESCENT
125.3,7139.84,-25.0,0.0,1149.3,60.0,DESCENT
125.4,7137.34,-25.0,0.0,1150.65,60.0,DESCENT
125.5,7134.84,-25.0,0.0,1152.0,60.0,DESCENT
125.6,7132.34,-25.0,0.0,1153.35,60.0,DESCENT
125.7,7129.84,-25.0,0.0,1154.7,60.0,DESCENT
125.8,7127.34,-25.0,0.0,1156.05,60.0,DESCENT
125.9,7124.84,-25.0,0.0,1157.4,60.0,DESCENT
126.0,7122.34,-25.0,0.0,1158.75,60.0,DESCENT
126.1,7119.84,-25.0,0.0,1160.1,60.0,DESCENT
126.2,7117.34,-25.0,0.0,1161.45,60.0,DESCENT
126.3,7114.84,-25.0,0.0,1162.8,60.0,DESCENT
126.4,7112.34,-25.0,0.0,1164.15,60.0,DESCENT
126.5,7109.84,-25.0,0.0,1165.5,60.0,DESCENT
126.6,7107.34,-25.0,0.0,1166.85,60.0,DESCENT
126.7,7104.84,-25.0,0.0,1168.2,60.0,DESCENT
126.8,7102.34,-25.0,0.0,1169.55,60.0,DESCENT
126.9,7099.84,-25.0,0.0,1170.9,60.0,DESCENT
127.0,7097.34,-25.0,0.0,1172.25,60.0,DESCENT
127.1,7094.84,-25.0,0.0,1173.6,60.0,DESCENT
127.2,7092.34,-25.0,0.0,1174.95,60.0,DESCENT
127.3,7089.84,-25.0,0.0,1176.3,60.0,DESCENT
127.4,7087.34,-25.0,0.0,1177.65,60.0,DESCENT
127.5,7084.84,-25.0,0.0,1179.0,60.0,DESCENT
127.6,7082.34,-25.0,0.0,1180.35,60.0,DESCENT
127.7,7079.84,-25.0,0.0,1181.7,60.0,DESCENT
127.8,7077.34,-25.0,0.0,1183.05,60.0,DESCENT
127.9,7074.84,-25.0,0.0,1184.4,60.0,DESCENT
128.0,7072.34,-25.0,0.0,1185.75,60.0,DESCENT
128.1,7069.84,-25.0,0.0,1187.1,60.0,DESCENT
128.2,7067.34,-25.0,0.0,1188.45,60.0,DESCENT
128.3,7064.84,-25.0,0.0,1189.8,60.0,DESCENT
128.4,7062.34,-25.0,0.0,1191.15,60.0,DESCENT
128.5,7059.84,-25.0,0.0,1192.5,60.0,DESCENT
128.6,7057.34,-25.0,0.0,1193.85,60.0,DESCENT
128.7,7054.84,-25.0,0.0,1195.2,60.0,DESCENT
128.8,7052.34,-25.0,0.0,1196.55,60.0,DESCENT
128.9,7049.84,-25.0,0.0,1197.9,60.0,DESCENT
129.0,7047.34,-25.0,0.0,1199.25,60.0,DESCENT
129.1,7044.84,-25.0,0.0,1200.6,60.0,DESCENT
129.2,7042.34,-25.0,0.0,1201.95,60.0,DESCENT
129.3,7039.84,-25.0,0.0,1203.3,60.0,DESCENT
129.4,7037.34,-25.0,0.0,1204.65,60.0,DESCENT
129.5,7034.84,-25.0,0.0,1206.0,60.0,DESCENT
129.6,7032.34,-25.0,0.0,1207.35,60.0,DESCENT
129.7,7029.84,-25.0,0.0,1208.7,60.0,DESCENT
129.8,7027.34,-25.0,0.0,1210.05,60.0,DESCENT
129.9,7024.84,-25.0,0.0,1211.4,60.0,DESCENT
130.0,7022.34,-25.0,0.0,1212.75,60.0,DESCENT
130.1,7019.84,-25.0,0.0,1214.1,60.0,DESCENT
130.2,7017.34,-25.0,0.0,1215.45,60.0,DESCENT
130.3,7014.84,-25.0,0.0,1216.8,60.0,DESCENT
130.4,7012.34,-25.0,0.0,1218.15,60.0,DESCENT
130.5,7009.84,-25.0,0.0,1219.5,60.0,DESCENT
130.6,7007.34,-25.0,0.0,1220.85,60.0,DESCENT
130.7,7004.84,-25.0,0.0,1222.2,60.0,DESCENT
130.8,7002.34,-25.0,0.0,1223.55,60.0,DESCENT
130.9,6999.84,-25.0,0.0,1224.9,60.0,DESCENT
131.0,6997.34,-25.0,0.0,1226.25,60.0,DESCENT
131.1,6994.84,-25.0,0.0,1227.6,60.0,DESCENT
131.2,6992.34,-25.0,0.0,1228.95,60.0,DESCENT
131.3,6989.84,-25.0,0.0,1230.3,60.0,DESCENT
131.4,6987.34,-25.0,0.0,1231.65,60.0,DESCENT
131.5,6984.84,-25.0,0.0,1233.0,60.0,DESCENT
131.6,6982.34,-25.0,0.0,1234.35,60.0,DESCENT
131.7,6979.84,-25.0,0.0,1235.7,60.0,DESCENT
131.8,6977.34,-25.0,0.0,1237.05,60.0,DESCENT
131.9,6974.84,-25.0,0.0,1238.4,60.0,DESCENT
132.0,6972.34,-25.0,0.0,1239.75,60.0,DESCENT
132.1,6969.84,-25.0,0.0,1241.1,60.0,DESCENT
132.2,6967.34,-25.0,0.0,1242.45,60.0,DESCENT
132.3,6964.84,-25.0,0.0,1243.8,60.0,DESCENT
132.4,6962.34,-25.0,0.0,1245.15,60.0,DESCENT
132.5,6959.84,-25.0,0.0,1246.5,60.0,DESCENT
132.6,6957.34,-25.0,0.0,1247.85,60.0,DESCENT
132.7,6954.84,-25.0,0.0,1249.2,60.0,DESCENT
132.8,6952.34,-25.0,0.0,1250.55,60.0,DESCENT
132.9,6949.84,-25.0,0.0,1251.9,60.0,DESCENT
133.0,6947.34,-25.0,0.0,1253.25,60.0,DESCENT
133.1,6944.84,-25.0,0.0,1254.6,60.0,DESCENT
133.2,6942.34,-25.0,0.0,1255.95,60.0,DESCENT
133.3,6939.84,-25.0,0.0,1257.3,60.0,DESCENT
133.4,6937.34,-25.0,0.0,1258.65,60.0,DESCENT
133.5,6934.84,-25.0,0.0,1260.0,60.0,DESCENT
133.6,6932.34,-25.0,0.0,1261.35,60.0,DESCENT
133.7,6929.84,-25.0,0.0,1262.7,60.0,DESCENT
133.8,6927.34,-25.0,0.0,1264.05,60.0,DESCENT
133.9,6924.84,-25.0,0.0,1265.4,60.0,DESCENT
134.0,6922.34,-25.0,0.0,1266.75,60.0,DESCENT
134.1,6919.84,-25.0,0.0,1268.1,60.0,DESCENT
134.2,6917.34,-25.0,0.0,1269.45,60.0,DESCENT
134.3,6914.84,-25.0,0.0,1270.8,60.0,DESCENT
134.4,6912.34,-25.0,0.0,1272.15,60.0,DESCENT
134.5,6909.84,-25.0,0.0,1273.5,60.0,DESCENT
134.6,6907.34,-25.0,0.0,1274.85,60.0,DESCENT
134.7,6904.84,-25.0,0.0,1276.2,60.0,DESCENT
134.8,6902.34,-25.0,0.0,1277.55,60.0,DESCENT
134.9,6899.84,-25.0,0.0,1278.9,60.0,DESCENT
135.0,6897.34,-25.0,0.0,1280.25,60.0,DESCENT
135.1,6894.84,-25.0,0.0,1281.6,60.0,DESCENT
135.2,6892.34,-25.0,0.0,1282.95,60.0,DESCENT
135.3,6889.84,-25.0,0.0,1284.3,60.0,DESCENT
135.4,6887.34,-25.0,0.0,1285.65,60.0,DESCENT
135.5,6884.84,-25.0,0.0,1287.0,60.0,DESCENT
135.6,6882.34,-25.0,0.0,1288.35,60.0,DESCENT
135.7,6879.84,-25.0,0.0,1289.7,60.0,DESCENT
135.8,6877.34,-25.0,0.0,1291.05,60.0,DESCENT
135.9,6874.84,-25.0,0.0,1292.4,60.0,DESCENT
136.0,6872.34,-25.0,0.0,1293.75,60.0,DESCENT
136.1,6869.84,-25.0,0.0,1295.1,60.0,DESCENT
136.2,6867.34,-25.0,0.0,1296.45,60.0,DESCENT
136.3,6864.84,-25.0,0.0,1297.8,60.0,DESCENT
136.4,6862.34,-25.0,0.0,1299.15,60.0,DESCENT
136.5,6859.84,-25.0,0.0,1300.5,60.0,DESCENT
136.6,6857.34,-25.0,0.0,1301.85,60.0,DESCENT
136.7,6854.84,-25.0,0.0,1303.2,60.0,DESCENT
136.8,6852.34,-25.0,0.0,1304.55,60.0,DESCENT
136.9,6849.84,-25.0,0.0,1305.9,60.0,DESCENT
137.0,6847.34,-25.0,0.0,1307.25,60.0,DESCENT
137.1,6844.84,-25.0,0.0,1308.6,60.0,DESCENT
137.2,6842.34,-25.0,0.0,1309.95,60.0,DESCENT
137.3,6839.84,-25.0,0.0,1311.3,60.0,DESCENT
137.4,6837.34,-25.0,0.0,1312.65,60.0,DESCENT
137.5,6834.84,-25.0,0.0,1314.0,60.0,DESCENT
137.6,6832.34,-25.0,0.0,1315.35,60.0,DESCENT
137.7,6829.84,-25.0,0.0,1316.7,60.0,DESCENT
137.8,6827.34,-25.0,0.0,1318.05,60.0,DESCENT
137.9,6824.84,-25.0,0.0,1319.4,60.0,DESCENT
138.0,6822.34,-25.0,0.0,1320.75,60.0,DESCENT
138.1,6819.84,-25.0,0.0,1322.1,60.0,DESCENT
138.2,6817.34,-25.0,0.0,1323.45,60.0,DESCENT
138.3,6814.84,-25.0,0.0,1324.8,60.0,DESCENT
138.4,6812.34,-25.0,0.0,1326.15,60.0,DESCENT
138.5,6809.84,-25.0,0.0,1327.5,60.0,DESCENT
138.6,6807.34,-25.0,0.0,1328.85,60.0,DESCENT
138.7,6804.84,-25.0,0.0,1330.2,60.0,DESCENT
138.8,6802.34,-25.0,0.0,1331.55,60.0,DESCENT
138.9,6799.84,-25.0,0.0,1332.9,60.0,DESCENT
139.0,6797.34,-25.0,0.0,1334.25,60.0,DESCENT
139.1,6794.84,-25.0,0.0,1335.6,60.0,DESCENT
139.2,6792.34,-25.0,0.0,1336.95,60.0,DESCENT
139.3,6789.84,-25.0,0.0,1338.3,60.0,DESCENT
139.4,6787.34,-25.0,0.0,1339.65,60.0,DESCENT
139.5,6784.84,-25.0,0.0,1341.0,60.0,DESCENT
139.6,6782.34,-25.0,0.0,1342.35,60.0,DESCENT
139.7,6779.84,-25.0,0.0,1343.7,60.0,DESCENT
139.8,6777.34,-25.0,0.0,1345.05,60.0,DESCENT
139.9,6774.84,-25.0,0.0,1346.4,60.0,DESCENT
140.0,6772.34,-25.0,0.0,1347.75,60.0,DESCENT
140.1,6769.84,-25.0,0.0,1349.1,60.0,DESCENT
140.2,6767.34,-25.0,0.0,1350.45,60.0,DESCENT
140.3,6764.84,-25.0,0.0,1351.8,60.0,DESCENT
140.4,6762.34,-25.0,0.0,1353.15,60.0,DESCENT
140.5,6759.84,-25.0,0.0,1354.5,60.0,DESCENT
140.6,6757.34,-25.0,0.0,1355.85,60.0,DESCENT
140.7,6754.84,-25.0,0.0,1357.2,60.0,DESCENT
140.8,6752.34,-25.0,0.0,1358.55,60.0,DESCENT
140.9,6749.84,-25.0,0.0,1359.9,60.0,DESCENT
141.0,6747.34,-25.0,0.0,1361.25,60.0,DESCENT
141.1,6744.84,-25.0,0.0,1362.6,60.0,DESCENT
141.2,6742.34,-25.0,0.0,1363.95,60.0,DESCENT
141.3,6739.84,-25.0,0.0,1365.3,60.0,DESCENT
141.4,6737.34,-25.0,0.0,1366.65,60.0,DESCENT
141.5,6734.84,-25.0,0.0,1368.0,60.0,DESCENT
141.6,6732.34,-25.0,0.0,1369.35,60.0,DESCENT
141.7,6729.84,-25.0,0.0,1370.7,60.0,DESCENT
141.8,6727.34,-25.0,0.0,1372.05,60.0,DESCENT
141.9,6724.84,-25.0,0.0,1373.4,60.0,DESCENT
142.0,6722.34,-25.0,0.0,1374.75,60.0,DESCENT
142.1,6719.84,-25.0,0.0,1376.1,60.0,DESCENT
142.2,6717.34,-25.0,0.0,1377.45,60.0,DESCENT
142.3,6714.84,-25.0,0.0,1378.8,60.0,DESCENT
142.4,6712.34,-25.0,0.0,1380.15,60.0,DESCENT
142.5,6709.84,-25.0,0.0,1381.5,60.0,DESCENT
142.6,6707.34,-25.0,0.0,1382.85,60.0,DESCENT
142.7,6704.84,-25.0,0.0,1384.2,60.0,DESCENT
142.8,6702.34,-25.0,0.0,1385.55,60.0,DESCENT
142.9,6699.84,-25.0,0.0,1386.9,60.0,DESCENT
143.0,6697.34,-25.0,0.0,1388.25,60.0,DESCENT
143.1,6694.84,-25.0,0.0,1389.6,60.0,DESCENT
143.2,6692.34,-25.0,0.0,1390.95,60.0,DESCENT
143.3,6689.84,-25.0,0.0,1392.3,60.0,DESCENT
143.4,6687.34,-25.0,0.0,1393.65,60.0,DESCENT
143.5,6684.84,-25.0,0.0,1395.0,60.0,DESCENT
143.6,6682.34,-25.0,0.0,1396.35,60.0,DESCENT
143.7,6679.84,-25.0,0.0,1397.7,60.0,DESCENT
143.8,6677.34,-25.0,0.0,1399.05,60.0,DESCENT
143.9,6674.84,-25.0,0.0,1400.4,60.0,DESCENT
144.0,6672.34,-25.0,0.0,1401.75,60.0,DESCENT
144.1,6669.84,-25.0,0.0,1403.1,60.0,DESCENT
144.2,6667.34,-25.0,0.0,1404.45,60.0,DESCENT
144.3,6664.84,-25.0,0.0,1405.8,60.0,DESCENT
144.4,6662.34,-25.0,0.0,1407.15,60.0,DESCENT
144.5,6659.84,-25.0,0.0,1408.5,60.0,DESCENT
144.6,6657.34,-25.0,0.0,1409.85,60.0,DESCENT
144.7,6654.84,-25.0,0.0,1411.2,60.0,DESCENT
144.8,6652.34,-25.0,0.0,1412.55,60.0,DESCENT
144.9,6649.84,-25.0,0.0,1413.9,60.0,DESCENT
145.0,6647.34,-25.0,0.0,1415.25,60.0,DESCENT
145.1,6644.84,-25.0,0.0,1416.6,60.0,DESCENT
145.2,6642.34,-25.0,0.0,1417.95,60.0,DESCENT
145.3,6639.84,-25.0,0.0,1419.3,60.0,DESCENT
145.4,6637.34,-25.0,0.0,1420.65,60.0,DESCENT
145.5,6634.84,-25.0,0.0,1422.0,60.0,DESCENT
145.6,6632.34,-25.0,0.0,1423.35,60.0,DESCENT
145.7,6629.84,-25.0,0.0,1424.7,60.0,DESCENT
145.8,6627.34,-25.0,0.0,1426.05,60.0,DESCENT
145.9,6624.84,-25.0,0.0,1427.4,60.0,DESCENT
146.0,6622.34,-25.0,0.0,1428.75,60.0,DESCENT
146.1,6619.84,-25.0,0.0,1430.1,60.0,DESCENT
146.2,6617.34,-25.0,0.0,1431.45,60.0,DESCENT
146.3,6614.84,-25.0,0.0,1432.8,60.0,DESCENT
146.4,6612.34,-25.0,0.0,1434.15,60.0,DESCENT
146.5,6609.84,-25.0,0.0,1435.5,60.0,DESCENT
146.6,6607.34,-25.0,0.0,1436.85,60.0,DESCENT
146.7,6604.84,-25.0,0.0,1438.2,60.0,DESCENT
146.8,6602.34,-25.0,0.0,1439.55,60.0,DESCENT
146.9,6599.84,-25.0,0.0,1440.9,60.0,DESCENT
147.0,6597.34,-25.0,0.0,1442.25,60.0,DESCENT
147.1,6594.84,-25.0,0.0,1443.6,60.0,DESCENT
147.2,6592.34,-25.0,0.0,1444.95,60.0,DESCENT
147.3,6589.84,-25.0,0.0,1446.3,60.0,DESCENT
147.4,6587.34,-25.0,0.0,1447.65,60.0,DESCENT
147.5,6584.84,-25.0,0.0,1449.0,60.0,DESCENT
147.6,6582.34,-25.0,0.0,1450.35,60.0,DESCENT
147.7,6579.84,-25.0,0.0,1451.7,60.0,DESCENT
147.8,6577.34,-25.0,0.0,1453.05,60.0,DESCENT
147.9,6574.84,-25.0,0.0,1454.4,60.0,DESCENT
148.0,6572.34,-25.0,0.0,1455.75,60.0,DESCENT
148.1,6569.84,-25.0,0.0,1457.1,60.0,DESCENT
148.2,6567.34,-25.0,0.0,1458.45,60.0,DESCENT
148.3,6564.84,-25.0,0.0,1459.8,60.0,DESCENT
148.4,6562.34,-25.0,0.0,1461.15,60.0,DESCENT
148.5,6559.84,-25.0,0.0,1462.5,60.0,DESCENT
148.6,6557.34,-25.0,0.0,1463.85,60.0,DESCENT
148.7,6554.84,-25.0,0.0,1465.2,60.0,DESCENT
148.8,6552.34,-25.0,0.0,1466.55,60.0,DESCENT
148.9,6549.84,-25.0,0.0,1467.9,60.0,DESCENT
149.0,6547.34,-25.0,0.0,1469.25,60.0,DESCENT
149.1,6544.84,-25.0,0.0,1470.6,60.0,DESCENT
149.2,6542.34,-25.0,0.0,1471.95,60.0,DESCENT
149.3,6539.84,-25.0,0.0,1473.3,60.0,DESCENT
149.4,6537.34,-25.0,0.0,1474.65,60.0,DESCENT
149.5,6534.84,-25.0,0.0,1476.0,60.0,DESCENT
149.6,6532.34,-25.0,0.0,1477.35,60.0,DESCENT
149.7,6529.84,-25.0,0.0,1478.7,60.0,DESCENT
149.8,6527.34,-25.0,0.0,1480.05,60.0,DESCENT
149.9,6524.84,-25.0,0.0,1481.4,60.0,DESCENT
150.0,6522.34,-25.0,0.0,1482.75,60.0,DESCENT
150.1,6519.84,-25.0,0.0,1484.1,60.0,DESCENT
150.2,6517.34,-25.0,0.0,1485.45,60.0,DESCENT
150.3,6514.84,-25.0,0.0,1486.8,60.0,DESCENT
150.4,6512.34,-25.0,0.0,1488.15,60.0,DESCENT
150.5,6509.84,-25.0,0.0,1489.5,60.0,DESCENT
150.6,6507.34,-25.0,0.0,1490.85,60.0,DESCENT
150.7,6504.84,-25.0,0.0,1492.2,60.0,DESCENT
150.8,6502.34,-25.0,0.0,1493.55,60.0,DESCENT
150.9,6499.84,-25.0,0.0,1494.9,60.0,DESCENT
151.0,6497.34,-25.0,0.0,1496.25,60.0,DESCENT
151.1,6494.84,-25.0,0.0,1497.6,60.0,DESCENT
151.2,6492.34,-25.0,0.0,1498.95,60.0,DESCENT
151.3,6489.84,-25.0,0.0,1500.3,60.0,DESCENT
151.4,6487.34,-25.0,0.0,1501.65,60.0,DESCENT
151.5,6484.84,-25.0,0.0,1503.0,60.0,DESCENT
151.6,6482.34,-25.0,0.0,1504.35,60.0,DESCENT
151.7,6479.84,-25.0,0.0,1505.7,60.0,DESCENT
151.8,6477.34,-25.0,0.0,1507.05,60.0,DESCENT
151.9,6474.84,-25.0,0.0,1508.4,60.0,DESCENT
152.0,6472.34,-25.0,0.0,1509.75,60.0,DESCENT
152.1,6469.84,-25.0,0.0,1511.1,60.0,DESCENT
152.2,6467.34,-25.0,0.0,1512.45,60.0,DESCENT
152.3,6464.84,-25.0,0.0,1513.8,60.0,DESCENT
152.4,6462.34,-25.0,0.0,1515.15,60.0,DESCENT
152.5,6459.84,-25.0,0.0,1516.5,60.0,DESCENT
152.6,6457.34,-25.0,0.0,1517.85,60.0,DESCENT
152.7,6454.84,-25.0,0.0,1519.2,60.0,DESCENT
152.8,6452.34,-25.0,0.0,1520.55,60.0,DESCENT
152.9,6449.84,-25.0,0.0,1521.9,60.0,DESCENT
153.0,6447.34,-25.0,0.0,1523.25,60.0,DESCENT
153.1,6444.84,-25.0,0.0,1524.6,60.0,DESCENT
153.2,6442.34,-25.0,0.0,1525.95,60.0,DESCENT
153.3,6439.84,-25.0,0.0,1527.3,60.0,DESCENT
153.4,6437.34,-25.0,0.0,1528.65,60.0,DESCENT
153.5,6434.84,-25.0,0.0,1530.0,60.0,DESCENT
153.6,6432.34,-25.0,0.0,1531.35,60.0,DESCENT
153.7,6429.84,-25.0,0.0,1532.7,60.0,DESCENT
153.8,6427.34,-25.0,0.0,1534.05,60.0,DESCENT
153.9,6424.84,-25.0,0.0,1535.4,60.0,DESCENT
154.0,6422.34,-25.0,0.0,1536.75,60.0,DESCENT
154.1,6419.84,-25.0,0.0,1538.1,60.0,DESCENT
154.2,6417.34,-25.0,0.0,1539.45,60.0,DESCENT
154.3,6414.84,-25.0,0.0,1540.8,60.0,DESCENT
154.4,6412.34,-25.0,0.0,1542.15,60.0,DESCENT
154.5,6409.84,-25.0,0.0,1543.5,60.0,DESCENT
154.6,6407.34,-25.0,0.0,1544.85,60.0,DESCENT
154.7,6404.84,-25.0,0.0,1546.2,60.0,DESCENT
154.8,6402.34,-25.0,0.0,1547.55,60.0,DESCENT
154.9,6399.84,-25.0,0.0,1548.9,60.0,DESCENT
155.0,6397.34,-25.0,0.0,1550.25,60.0,DESCENT
155.1,6394.84,-25.0,0.0,1551.6,60.0,DESCENT
155.2,6392.34,-25.0,0.0,1552.95,60.0,DESCENT
155.3,6389.84,-25.0,0.0,1554.3,60.0,DESCENT
155.4,6387.34,-25.0,0.0,1555.65,60.0,DESCENT
155.5,6384.84,-25.0,0.0,1557.0,60.0,DESCENT
155.6,6382.34,-25.0,0.0,1558.35,60.0,DESCENT
155.7,6379.84,-25.0,0.0,1559.7,60.0,DESCENT
155.8,6377.34,-25.0,0.0,1561.05,60.0,DESCENT
155.9,6374.84,-25.0,0.0,1562.4,60.0,DESCENT
156.0,6372.34,-25.0,0.0,1563.75,60.0,DESCENT
156.1,6369.84,-25.0,0.0,1565.1,60.0,DESCENT
156.2,6367.34,-25.0,0.0,1566.45,60.0,DESCENT
156.3,6364.84,-25.0,0.0,1567.8,60.0,DESCENT
156.4,6362.34,-25.0,0.0,1569.15,60.0,DESCENT
156.5,6359.84,-25.0,0.0,1570.5,60.0,DESCENT
156.6,6357.34,-25.0,0.0,1571.85,60.0,DESCENT
156.7,6354.84,-25.0,0.0,1573.2,60.0,DESCENT
156.8,6352.34,-25.0,0.0,1574.55,60.0,DESCENT
156.9,6349.84,-25.0,0.0,1575.9,60.0,DESCENT
157.0,6347.34,-25.0,0.0,1577.25,60.0,DESCENT
157.1,6344.84,-25.0,0.0,1578.6,60.0,DESCENT
157.2,6342.34,-25.0,0.0,1579.95,60.0,DESCENT
157.3,6339.84,-25.0,0.0,1581.3,60.0,DESCENT
157.4,6337.34,-25.0,0.0,1582.65,60.0,DESCENT
157.5,6334.84,-25.0,0.0,1584.0,60.0,DESCENT
157.6,6332.34,-25.0,0.0,1585.35,60.0,DESCENT
157.7,6329.84,-25.0,0.0,1586.7,60.0,DESCENT
157.8,6327.34,-25.0,0.0,1588.05,60.0,DESCENT
157.9,6324.84,-25.0,0.0,1589.4,60.0,DESCENT
158.0,6322.34,-25.0,0.0,1590.75,60.0,DESCENT
158.1,6319.84,-25.0,0.0,1592.1,60.0,DESCENT
158.2,6317.34,-25.0,0.0,1593.45,60.0,DESCENT
158.3,6314.84,-25.0,0.0,1594.8,60.0,DESCENT
158.4,6312.34,-25.0,0.0,1596.15,60.0,DESCENT
158.5,6309.84,-25.0,0.0,1597.5,60.0,DESCENT
158.6,6307.34,-25.0,0.0,1598.85,60.0,DESCENT
158.7,6304.84,-25.0,0.0,1600.2,60.0,DESCENT
158.8,6302.34,-25.0,0.0,1601.55,60.0,DESCENT
158.9,6299.84,-25.0,0.0,1602.9,60.0,DESCENT
159.0,6297.34,-25.0,0.0,1604.25,60.0,DESCENT
159.1,6294.84,-25.0,0.0,1605.6,60.0,DESCENT
159.2,6292.34,-25.0,0.0,1606.95,60.0,DESCENT
159.3,6289.84,-25.0,0.0,1608.3,60.0,DESCENT
159.4,6287.34,-25.0,0.0,1609.65,60.0,DESCENT
159.5,6284.84,-25.0,0.0,1611.0,60.0,DESCENT
159.6,6282.34,-25.0,0.0,1612.35,60.0,DESCENT
159.7,6279.84,-25.0,0.0,1613.7,60.0,DESCENT
159.8,6277.34,-25.0,0.0,1615.05,60.0,DESCENT
159.9,6274.84,-25.0,0.0,1616.4,60.0,DESCENT
160.0,6272.34,-25.0,0.0,1617.75,60.0,DESCENT
160.1,6269.84,-25.0,0.0,1619.1,60.0,DESCENT
160.2,6267.34,-25.0,0.0,1620.45,60.0,DESCENT
160.3,6264.84,-25.0,0.0,1621.8,60.0,DESCENT
160.4,6262.34,-25.0,0.0,1623.15,60.0,DESCENT
160.5,6259.84,-25.0,0.0,1624.5,60.0,DESCENT
160.6,6257.34,-25.0,0.0,1625.85,60.0,DESCENT
160.7,6254.84,-25.0,0.0,1627.2,60.0,DESCENT
160.8,6252.34,-25.0,0.0,1628.55,60.0,DESCENT
160.9,6249.84,-25.0,0.0,1629.9,60.0,DESCENT
161.0,6247.34,-25.0,0.0,1631.25,60.0,DESCENT
161.1,6244.84,-25.0,0.0,1632.6,60.0,DESCENT
161.2,6242.34,-25.0,0.0,1633.95,60.0,DESCENT
161.3,6239.84,-25.0,0.0,1635.3,60.0,DESCENT
161.4,6237.34,-25.0,0.0,1636.65,60.0,DESCENT
161.5,6234.84,-25.0,0.0,1638.0,60.0,DESCENT
161.6,6232.34,-25.0,0.0,1639.35,60.0,DESCENT
161.7,6229.84,-25.0,0.0,1640.7,60.0,DESCENT
161.8,6227.34,-25.0,0.0,1642.05,60.0,DESCENT
161.9,6224.84,-25.0,0.0,1643.4,60.0,DESCENT
162.0,6222.34,-25.0,0.0,1644.75,60.0,DESCENT
162.1,6219.84,-25.0,0.0,1646.1,60.0,DESCENT
162.2,6217.34,-25.0,0.0,1647.45,60.0,DESCENT
162.3,6214.84,-25.0,0.0,1648.8,60.0,DESCENT
162.4,6212.34,-25.0,0.0,1650.15,60.0,DESCENT
162.5,6209.84,-25.0,0.0,1651.5,60.0,DESCENT
162.6,6207.34,-25.0,0.0,1652.85,60.0,DESCENT
162.7,6204.84,-25.0,0.0,1654.2,60.0,DESCENT
162.8,6202.34,-25.0,0.0,1655.55,60.0,DESCENT
162.9,6199.84,-25.0,0.0,1656.9,60.0,DESCENT
163.0,6197.34,-25.0,0.0,1658.25,60.0,DESCENT
163.1,6194.84,-25.0,0.0,1659.6,60.0,DESCENT
163.2,6192.34,-25.0,0.0,1660.95,60.0,DESCENT
163.3,6189.84,-25.0,0.0,1662.3,60.0,DESCENT
163.4,6187.34,-25.0,0.0,1663.65,60.0,DESCENT
163.5,6184.84,-25.0,0.0,1665.0,60.0,DESCENT
163.6,6182.34,-25.0,0.0,1666.35,60.0,DESCENT
163.7,6179.84,-25.0,0.0,1667.7,60.0,DESCENT
163.8,6177.34,-25.0,0.0,1669.05,60.0,DESCENT
163.9,6174.84,-25.0,0.0,1670.4,60.0,DESCENT
164.0,6172.34,-25.0,0.0,1671.75,60.0,DESCENT
164.1,6169.84,-25.0,0.0,1673.1,60.0,DESCENT
164.2,6167.34,-25.0,0.0,1674.45,60.0,DESCENT
164.3,6164.84,-25.0,0.0,1675.8,60.0,DESCENT
164.4,6162.34,-25.0,0.0,1677.15,60.0,DESCENT
164.5,6159.84,-25.0,0.0,1678.5,60.0,DESCENT
164.6,6157.34,-25.0,0.0,1679.85,60.0,DESCENT
164.7,6154.84,-25.0,0.0,1681.2,60.0,DESCENT
164.8,6152.34,-25.0,0.0,1682.55,60.0,DESCENT
164.9,6149.84,-25.0,0.0,1683.9,60.0,DESCENT
165.0,6147.34,-25.0,0.0,1685.25,60.0,DESCENT
165.1,6144.84,-25.0,0.0,1686.6,60.0,DESCENT
165.2,6142.34,-25.0,0.0,1687.95,60.0,DESCENT
165.3,6139.84,-25.0,0.0,1689.3,60.0,DESCENT
165.4,6137.34,-25.0,0.0,1690.65,60.0,DESCENT
165.5,6134.84,-25.0,0.0,1692.0,60.0,DESCENT
165.6,6132.34,-25.0,0.0,1693.35,60.0,DESCENT
165.7,6129.84,-25.0,0.0,1694.7,60.0,DESCENT
165.8,6127.34,-25.0,0.0,1696.05,60.0,DESCENT
165.9,6124.84,-25.0,0.0,1697.4,60.0,DESCENT
166.0,6122.34,-25.0,0.0,1698.75,60.0,DESCENT
166.1,6119.84,-25.0,0.0,1700.1,60.0,DESCENT
166.2,6117.34,-25.0,0.0,1701.45,60.0,DESCENT
166.3,6114.84,-25.0,0.0,1702.8,60.0,DESCENT
166.4,6112.34,-25.0,0.0,1704.15,60.0,DESCENT
166.5,6109.84,-25.0,0.0,1705.5,60.0,DESCENT
166.6,6107.34,-25.0,0.0,1706.85,60.0,DESCENT
166.7,6104.84,-25.0,0.0,1708.2,60.0,DESCENT
166.8,6102.34,-25.0,0.0,1709.55,60.0,DESCENT
166.9,6099.84,-25.0,0.0,1710.9,60.0,DESCENT
167.0,6097.34,-25.0,0.0,1712.25,60.0,DESCENT
167.1,6094.84,-25.0,0.0,1713.6,60.0,DESCENT
167.2,6092.34,-25.0,0.0,1714.95,60.0,DESCENT
167.3,6089.84,-25.0,0.0,1716.3,60.0,DESCENT
167.4,6087.34,-25.0,0.0,1717.65,60.0,DESCENT
167.5,6084.84,-25.0,0.0,1719.0,60.0,DESCENT
167.6,6082.34,-25.0,0.0,1720.35,60.0,DESCENT
167.7,6079.84,-25.0,0.0,1721.7,60.0,DESCENT
167.8,6077.34,-25.0,0.0,1723.05,60.0,DESCENT
167.9,6074.84,-25.0,0.0,1724.4,60.0,DESCENT
168.0,6072.34,-25.0,0.0,1725.75,60.0,DESCENT
168.1,6069.84,-25.0,0.0,1727.1,60.0,DESCENT
168.2,6067.34,-25.0,0.0,1728.45,60.0,DESCENT
168.3,6064.84,-25.0,0.0,1729.8,60.0,DESCENT
168.4,6062.34,-25.0,0.0,1731.15,60.0,DESCENT
168.5,6059.84,-25.0,0.0,1732.5,60.0,DESCENT
168.6,6057.34,-25.0,0.0,1733.85,60.0,DESCENT
168.7,6054.84,-25.0,0.0,1735.2,60.0,DESCENT
168.8,6052.34,-25.0,0.0,1736.55,60.0,DESCENT
168.9,6049.84,-25.0,0.0,1737.9,60.0,DESCENT
169.0,6047.34,-25.0,0.0,1739.25,60.0,DESCENT
169.1,6044.84,-25.0,0.0,1740.6,60.0,DESCENT
169.2,6042.34,-25.0,0.0,1741.95,60.0,DESCENT
169.3,6039.84,-25.0,0.0,1743.3,60.0,DESCENT
169.4,6037.34,-25.0,0.0,1744.65,60.0,DESCENT
169.5,6034.84,-25.0,0.0,1746.0,60.0,DESCENT
169.6,6032.34,-25.0,0.0,1747.35,60.0,DESCENT
169.7,6029.84,-25.0,0.0,1748.7,60.0,DESCENT
169.8,6027.34,-25.0,0.0,1750.05,60.0,DESCENT
169.9,6024.84,-25.0,0.0,1751.4,60.0,DESCENT
170.0,6022.34,-25.0,0.0,1752.75,60.0,DESCENT
170.1,6019.84,-25.0,0.0,1754.1,60.0,DESCENT
170.2,6017.34,-25.0,0.0,1755.45,60.0,DESCENT
170.3,6014.84,-25.0,0.0,1756.8,60.0,DESCENT
170.4,6012.34,-25.0,0.0,1758.15,60.0,DESCENT
170.5,6009.84,-25.0,0.0,1759.5,60.0,DESCENT
170.6,6007.34,-25.0,0.0,1760.85,60.0,DESCENT
170.7,6004.84,-25.0,0.0,1762.2,60.0,DESCENT
170.8,6002.34,-25.0,0.0,1763.55,60.0,DESCENT
170.9,5999.84,-25.0,0.0,1764.9,60.0,DESCENT
171.0,5997.34,-25.0,0.0,1766.25,60.0,DESCENT
171.1,5994.84,-25.0,0.0,1767.6,60.0,DESCENT
171.2,5992.34,-25.0,0.0,1768.95,60.0,DESCENT
171.3,5989.84,-25.0,0.0,1770.3,60.0,DESCENT
171.4,5987.34,-25.0,0.0,1771.65,60.0,DESCENT
171.5,5984.84,-25.0,0.0,1773.0,60.0,DESCENT
171.6,5982.34,-25.0,0.0,1774.35,60.0,DESCENT
171.7,5979.84,-25.0,0.0,1775.7,60.0,DESCENT
171.8,5977.34,-25.0,0.0,1777.05,60.0,DESCENT
171.9,5974.84,-25.0,0.0,1778.4,60.0,DESCENT
172.0,5972.34,-25.0,0.0,1779.75,60.0,DESCENT
172.1,5969.84,-25.0,0.0,1781.1,60.0,DESCENT
172.2,5967.34,-25.0,0.0,1782.45,60.0,DESCENT
172.3,5964.84,-25.0,0.0,1783.8,60.0,DESCENT
172.4,5962.34,-25.0,0.0,1785.15,60.0,DESCENT
172.5,5959.84,-25.0,0.0,1786.5,60.0,DESCENT
172.6,5957.34,-25.0,0.0,1787.85,60.0,DESCENT
172.7,5954.84,-25.0,0.0,1789.2,60.0,DESCENT
172.8,5952.34,-25.0,0.0,1790.55,60.0,DESCENT
172.9,5949.84,-25.0,0.0,1791.9,60.0,DESCENT
173.0,5947.34,-25.0,0.0,1793.25,60.0,DESCENT
173.1,5944.84,-25.0,0.0,1794.6,60.0,DESCENT
173.2,5942.34,-25.0,0.0,1795.95,60.0,DESCENT
173.3,5939.84,-25.0,0.0,1797.3,60.0,DESCENT
173.4,5937.34,-25.0,0.0,1798.65,60.0,DESCENT
173.5,5934.84,-25.0,0.0,1800.0,60.0,DESCENT
173.6,5932.34,-25.0,0.0,1801.35,60.0,DESCENT
173.7,5929.84,-25.0,0.0,1802.7,60.0,DESCENT
173.8,5927.34,-25.0,0.0,1804.05,60.0,DESCENT
173.9,5924.84,-25.0,0.0,1805.4,60.0,DESCENT
174.0,5922.34,-25.0,0.0,1806.75,60.0,DESCENT
174.1,5919.84,-25.0,0.0,1808.1,60.0,DESCENT
174.2,5917.34,-25.0,0.0,1809.45,60.0,DESCENT
174.3,5914.84,-25.0,0.0,1810.8,60.0,DESCENT
174.4,5912.34,-25.0,0.0,1812.15,60.0,DESCENT
174.5,5909.84,-25.0,0.0,1813.5,60.0,DESCENT
174.6,5907.34,-25.0,0.0,1814.85,60.0,DESCENT
174.7,5904.84,-25.0,0.0,1816.2,60.0,DESCENT
174.8,5902.34,-25.0,0.0,1817.55,60.0,DESCENT
174.9,5899.84,-25.0,0.0,1818.9,60.0,DESCENT
175.0,5897.34,-25.0,0.0,1820.25,60.0,DESCENT
175.1,5894.84,-25.0,0.0,1821.6,60.0,DESCENT
175.2,5892.34,-25.0,0.0,1822.95,60.0,DESCENT
175.3,5889.84,-25.0,0.0,1824.3,60.0,DESCENT
175.4,5887.34,-25.0,0.0,1825.65,60.0,DESCENT
175.5,5884.84,-25.0,0.0,1827.0,60.0,DESCENT
175.6,5882.34,-25.0,0.0,1828.35,60.0,DESCENT
175.7,5879.84,-25.0,0.0,1829.7,60.0,DESCENT
175.8,5877.34,-25.0,0.0,1831.05,60.0,DESCENT
175.9,5874.84,-25.0,0.0,1832.4,60.0,DESCENT
176.0,5872.34,-25.0,0.0,1833.75,60.0,DESCENT
176.1,5869.84,-25.0,0.0,1835.1,60.0,DESCENT
176.2,5867.34,-25.0,0.0,1836.45,60.0,DESCENT
176.3,5864.84,-25.0,0.0,1837.8,60.0,DESCENT
176.4,5862.34,-25.0,0.0,1839.15,60.0,DESCENT
176.5,5859.84,-25.0,0.0,1840.5,60.0,DESCENT
176.6,5857.34,-25.0,0.0,1841.85,60.0,DESCENT
176.7,5854.84,-25.0,0.0,1843.2,60.0,DESCENT
176.8,5852.34,-25.0,0.0,1844.55,60.0,DESCENT
176.9,5849.84,-25.0,0.0,1845.9,60.0,DESCENT
177.0,5847.34,-25.0,0.0,1847.25,60.0,DESCENT
177.1,5844.84,-25.0,0.0,1848.6,60.0,DESCENT
177.2,5842.34,-25.0,0.0,1849.95,60.0,DESCENT
177.3,5839.84,-25.0,0.0,1851.3,60.0,DESCENT
177.4,5837.34,-25.0,0.0,1852.65,60.0,DESCENT
177.5,5834.84,-25.0,0.0,1854.0,60.0,DESCENT
177.6,5832.34,-25.0,0.0,1855.35,60.0,DESCENT
177.7,5829.84,-25.0,0.0,1856.7,60.0,DESCENT
177.8,5827.34,-25.0,0.0,1858.05,60.0,DESCENT
177.9,5824.84,-25.0,0.0,1859.4,60.0,DESCENT
178.0,5822.34,-25.0,0.0,1860.75,60.0,DESCENT
178.1,5819.84,-25.0,0.0,1862.1,60.0,DESCENT
178.2,5817.34,-25.0,0.0,1863.45,60.0,DESCENT
178.3,5814.84,-25.0,0.0,1864.8,60.0,DESCENT
178.4,5812.34,-25.0,0.0,1866.15,60.0,DESCENT
178.5,5809.84,-25.0,0.0,1867.5,60.0,DESCENT
178.6,5807.34,-25.0,0.0,1868.85,60.0,DESCENT
178.7,5804.84,-25.0,0.0,1870.2,60.0,DESCENT
178.8,5802.34,-25.0,0.0,1871.55,60.0,DESCENT
178.9,5799.84,-25.0,0.0,1872.9,60.0,DESCENT
179.0,5797.34,-25.0,0.0,1874.25,60.0,DESCENT
179.1,5794.84,-25.0,0.0,1875.6,60.0,DESCENT
179.2,5792.34,-25.0,0.0,1876.95,60.0,DESCENT
179.3,5789.84,-25.0,0.0,1878.3,60.0,DESCENT
179.4,5787.34,-25.0,0.0,1879.65,60.0,DESCENT
179.5,5784.84,-25.0,0.0,1881.0,60.0,DESCENT
179.6,5782.34,-25.0,0.0,1882.35,60.0,DESCENT
179.7,5779.84,-25.0,0.0,1883.7,60.0,DESCENT
179.8,5777.34,-25.0,0.0,1885.05,60.0,DESCENT
179.9,5774.84,-25.0,0.0,1886.4,60.0,DESCENT
180.0,5772.34,-25.0,0.0,1887.75,60.0,DESCENT
180.1,5769.84,-25.0,0.0,1889.1,60.0,DESCENT
180.2,5767.34,-25.0,0.0,1890.45,60.0,DESCENT
180.3,5764.84,-25.0,0.0,1891.8,60.0,DESCENT
180.4,5762.34,-25.0,0.0,1893.15,60.0,DESCENT
180.5,5759.84,-25.0,0.0,1894.5,60.0,DESCENT
180.6,5757.34,-25.0,0.0,1895.85,60.0,DESCENT
180.7,5754.84,-25.0,0.0,1897.2,60.0,DESCENT
180.8,5752.34,-25.0,0.0,1898.55,60.0,DESCENT
180.9,5749.84,-25.0,0.0,1899.9,60.0,DESCENT
181.0,5747.34,-25.0,0.0,1901.25,60.0,DESCENT
181.1,5744.84,-25.0,0.0,1902.6,60.0,DESCENT
181.2,5742.34,-25.0,0.0,1903.95,60.0,DESCENT
181.3,5739.84,-25.0,0.0,1905.3,60.0,DESCENT
181.4,5737.34,-25.0,0.0,1906.65,60.0,DESCENT
181.5,5734.84,-25.0,0.0,1908.0,60.0,DESCENT
181.6,5732.34,-25.0,0.0,1909.35,60.0,DESCENT
181.7,5729.84,-25.0,0.0,1910.7,60.0,DESCENT
181.8,5727.34,-25.0,0.0,1912.05,60.0,DESCENT
181.9,5724.84,-25.0,0.0,1913.4,60.0,DESCENT
182.0,5722.34,-25.0,0.0,1914.75,60.0,DESCENT
182.1,5719.84,-25.0,0.0,1916.1,60.0,DESCENT
182.2,5717.34,-25.0,0.0,1917.45,60.0,DESCENT
182.3,5714.84,-25.0,0.0,1918.8,60.0,DESCENT
182.4,5712.34,-25.0,0.0,1920.15,60.0,DESCENT
182.5,5709.84,-25.0,0.0,1921.5,60.0,DESCENT
182.6,5707.34,-25.0,0.0,1922.85,60.0,DESCENT
182.7,5704.84,-25.0,0.0,1924.2,60.0,DESCENT
182.8,5702.34,-25.0,0.0,1925.55,60.0,DESCENT
182.9,5699.84,-25.0,0.0,1926.9,60.0,DESCENT
183.0,5697.34,-25.0,0.0,1928.25,60.0,DESCENT
183.1,5694.84,-25.0,0.0,1929.6,60.0,DESCENT
183.2,5692.34,-25.0,0.0,1930.95,60.0,DESCENT
183.3,5689.84,-25.0,0.0,1932.3,60.0,DESCENT
183.4,5687.34,-25.0,0.0,1933.65,60.0,DESCENT
183.5,5684.84,-25.0,0.0,1935.0,60.0,DESCENT
183.6,5682.34,-25.0,0.0,1936.35,60.0,DESCENT
183.7,5679.84,-25.0,0.0,1937.7,60.0,DESCENT
183.8,5677.34,-25.0,0.0,1939.05,60.0,DESCENT
183.9,5674.84,-25.0,0.0,1940.4,60.0,DESCENT
184.0,5672.34,-25.0,0.0,1941.75,60.0,DESCENT
184.1,5669.84,-25.0,0.0,1943.1,60.0,DESCENT
184.2,5667.34,-25.0,0.0,1944.45,60.0,DESCENT
184.3,5664.84,-25.0,0.0,1945.8,60.0,DESCENT
184.4,5662.34,-25.0,0.0,1947.15,60.0,DESCENT
184.5,5659.84,-25.0,0.0,1948.5,60.0,DESCENT
184.6,5657.34,-25.0,0.0,1949.85,60.0,DESCENT
184.7,5654.84,-25.0,0.0,1951.2,60.0,DESCENT
184.8,5652.34,-25.0,0.0,1952.55,60.0,DESCENT
184.9,5649.84,-25.0,0.0,1953.9,60.0,DESCENT
185.0,5647.34,-25.0,0.0,1955.25,60.0,DESCENT
185.1,5644.84,-25.0,0.0,1956.6,60.0,DESCENT
185.2,5642.34,-25.0,0.0,1957.95,60.0,DESCENT
185.3,5639.84,-25.0,0.0,1959.3,60.0,DESCENT
185.4,5637.34,-25.0,0.0,1960.65,60.0,DESCENT
185.5,5634.84,-25.0,0.0,1962.0,60.0,DESCENT
185.6,5632.34,-25.0,0.0,1963.35,60.0,DESCENT
185.7,5629.84,-25.0,0.0,1964.7,60.0,DESCENT
185.8,5627.34,-25.0,0.0,1966.05,60.0,DESCENT
185.9,5624.84,-25.0,0.0,1967.4,60.0,DESCENT
186.0,5622.34,-25.0,0.0,1968.75,60.0,DESCENT
186.1,5619.84,-25.0,0.0,1970.1,60.0,DESCENT
186.2,5617.34,-25.0,0.0,1971.45,60.0,DESCENT
186.3,5614.84,-25.0,0.0,1972.8,60.0,DESCENT
186.4,5612.34,-25.0,0.0,1974.15,60.0,DESCENT
186.5,5609.84,-25.0,0.0,1975.5,60.0,DESCENT
186.6,5607.34,-25.0,0.0,1976.85,60.0,DESCENT
186.7,5604.84,-25.0,0.0,1978.2,60.0,DESCENT
186.8,5602.34,-25.0,0.0,1979.55,60.0,DESCENT
186.9,5599.84,-25.0,0.0,1980.9,60.0,DESCENT
187.0,5597.34,-25.0,0.0,1982.25,60.0,DESCENT
187.1,5594.84,-25.0,0.0,1983.6,60.0,DESCENT
187.2,5592.34,-25.0,0.0,1984.95,60.0,DESCENT
187.3,5589.84,-25.0,0.0,1986.3,60.0,DESCENT
187.4,5587.34,-25.0,0.0,1987.65,60.0,DESCENT
187.5,5584.84,-25.0,0.0,1989.0,60.0,DESCENT
187.6,5582.34,-25.0,0.0,1990.35,60.0,DESCENT
187.7,5579.84,-25.0,0.0,1991.7,60.0,DESCENT
187.8,5577.34,-25.0,0.0,1993.05,60.0,DESCENT
187.9,5574.84,-25.0,0.0,1994.4,60.0,DESCENT
188.0,5572.34,-25.0,0.0,1995.75,60.0,DESCENT
188.1,5569.84,-25.0,0.0,1997.1,60.0,DESCENT
188.2,5567.34,-25.0,0.0,1998.45,60.0,DESCENT
188.3,5564.84,-25.0,0.0,1999.8,60.0,DESCENT
188.4,5562.34,-25.0,0.0,2001.15,60.0,DESCENT
188.5,5559.84,-25.0,0.0,2002.5,60.0,DESCENT
188.6,5557.34,-25.0,0.0,2003.85,60.0,DESCENT
188.7,5554.84,-25.0,0.0,2005.2,60.0,DESCENT
188.8,5552.34,-25.0,0.0,2006.55,60.0,DESCENT
188.9,5549.84,-25.0,0.0,2007.9,60.0,DESCENT
189.0,5547.34,-25.0,0.0,2009.25,60.0,DESCENT
189.1,5544.84,-25.0,0.0,2010.6,60.0,DESCENT
189.2,5542.34,-25.0,0.0,2011.95,60.0,DESCENT
189.3,5539.84,-25.0,0.0,2013.3,60.0,DESCENT
189.4,5537.34,-25.0,0.0,2014.65,60.0,DESCENT
189.5,5534.84,-25.0,0.0,2016.0,60.0,DESCENT
189.6,5532.34,-25.0,0.0,2017.35,60.0,DESCENT
189.7,5529.84,-25.0,0.0,2018.7,60.0,DESCENT
189.8,5527.34,-25.0,0.0,2020.05,60.0,DESCENT
189.9,5524.84,-25.0,0.0,2021.4,60.0,DESCENT
190.0,5522.34,-25.0,0.0,2022.75,60.0,DESCENT
190.1,5519.84,-25.0,0.0,2024.1,60.0,DESCENT
190.2,5517.34,-25.0,0.0,2025.45,60.0,DESCENT
190.3,5514.84,-25.0,0.0,2026.8,60.0,DESCENT
190.4,5512.34,-25.0,0.0,2028.15,60.0,DESCENT
190.5,5509.84,-25.0,0.0,2029.5,60.0,DESCENT
190.6,5507.34,-25.0,0.0,2030.85,60.0,DESCENT
190.7,5504.84,-25.0,0.0,2032.2,60.0,DESCENT
190.8,5502.34,-25.0,0.0,2033.55,60.0,DESCENT
190.9,5499.84,-25.0,0.0,2034.9,60.0,DESCENT
191.0,5497.34,-25.0,0.0,2036.25,60.0,DESCENT
191.1,5494.84,-25.0,0.0,2037.6,60.0,DESCENT
191.2,5492.34,-25.0,0.0,2038.95,60.0,DESCENT
191.3,5489.84,-25.0,0.0,2040.3,60.0,DESCENT
191.4,5487.34,-25.0,0.0,2041.65,60.0,DESCENT
191.5,5484.84,-25.0,0.0,2043.0,60.0,DESCENT
191.6,5482.34,-25.0,0.0,2044.35,60.0,DESCENT
191.7,5479.84,-25.0,0.0,2045.7,60.0,DESCENT
191.8,5477.34,-25.0,0.0,2047.05,60.0,DESCENT
191.9,5474.84,-25.0,0.0,2048.4,60.0,DESCENT
192.0,5472.34,-25.0,0.0,2049.75,60.0,DESCENT
192.1,5469.84,-25.0,0.0,2051.1,60.0,DESCENT
192.2,5467.34,-25.0,0.0,2052.45,60.0,DESCENT
192.3,5464.84,-25.0,0.0,2053.8,60.0,DESCENT
192.4,5462.34,-25.0,0.0,2055.15,60.0,DESCENT
192.5,5459.84,-25.0,0.0,2056.5,60.0,DESCENT
192.6,5457.34,-25.0,0.0,2057.85,60.0,DESCENT
192.7,5454.84,-25.0,0.0,2059.2,60.0,DESCENT
192.8,5452.34,-25.0,0.0,2060.55,60.0,DESCENT
192.9,5449.84,-25.0,0.0,2061.9,60.0,DESCENT
193.0,5447.34,-25.0,0.0,2063.25,60.0,DESCENT
193.1,5444.84,-25.0,0.0,2064.6,60.0,DESCENT
193.2,5442.34,-25.0,0.0,2065.95,60.0,DESCENT
193.3,5439.84,-25.0,0.0,2067.3,60.0,DESCENT
193.4,5437.34,-25.0,0.0,2068.65,60.0,DESCENT
193.5,5434.84,-25.0,0.0,2070.0,60.0,DESCENT
193.6,5432.34,-25.0,0.0,2071.35,60.0,DESCENT
193.7,5429.84,-25.0,0.0,2072.7,60.0,DESCENT
193.8,5427.34,-25.0,0.0,2074.05,60.0,DESCENT
193.9,5424.84,-25.0,0.0,2075.4,60.0,DESCENT
194.0,5422.34,-25.0,0.0,2076.75,60.0,DESCENT
194.1,5419.84,-25.0,0.0,2078.1,60.0,DESCENT
194.2,5417.34,-25.0,0.0,2079.45,60.0,DESCENT
194.3,5414.84,-25.0,0.0,2080.8,60.0,DESCENT
194.4,5412.34,-25.0,0.0,2082.15,60.0,DESCENT
194.5,5409.84,-25.0,0.0,2083.5,60.0,DESCENT
194.6,5407.34,-25.0,0.0,2084.85,60.0,DESCENT
194.7,5404.84,-25.0,0.0,2086.2,60.0,DESCENT
194.8,5402.34,-25.0,0.0,2087.55,60.0,DESCENT
194.9,5399.84,-25.0,0.0,2088.9,60.0,DESCENT
195.0,5397.34,-25.0,0.0,2090.25,60.0,DESCENT
195.1,5394.84,-25.0,0.0,2091.6,60.0,DESCENT
195.2,5392.34,-25.0,0.0,2092.95,60.0,DESCENT
195.3,5389.84,-25.0,0.0,2094.3,60.0,DESCENT
195.4,5387.34,-25.0,0.0,2095.65,60.0,DESCENT
195.5,5384.84,-25.0,0.0,2097.0,60.0,DESCENT
195.6,5382.34,-25.0,0.0,2098.35,60.0,DESCENT
195.7,5379.84,-25.0,0.0,2099.7,60.0,DESCENT
195.8,5377.34,-25.0,0.0,2101.05,60.0,DESCENT
195.9,5374.84,-25.0,0.0,2102.4,60.0,DESCENT
196.0,5372.34,-25.0,0.0,2103.75,60.0,DESCENT
196.1,5369.84,-25.0,0.0,2105.1,60.0,DESCENT
196.2,5367.34,-25.0,0.0,2106.45,60.0,DESCENT
196.3,5364.84,-25.0,0.0,2107.8,60.0,DESCENT
196.4,5362.34,-25.0,0.0,2109.15,60.0,DESCENT
196.5,5359.84,-25.0,0.0,2110.5,60.0,DESCENT
196.6,5357.34,-25.0,0.0,2111.85,60.0,DESCENT
196.7,5354.84,-25.0,0.0,2113.2,60.0,DESCENT
196.8,5352.34,-25.0,0.0,2114.55,60.0,DESCENT
196.9,5349.84,-25.0,0.0,2115.9,60.0,DESCENT
197.0,5347.34,-25.0,0.0,2117.25,60.0,DESCENT
197.1,5344.84,-25.0,0.0,2118.6,60.0,DESCENT
197.2,5342.34,-25.0,0.0,2119.95,60.0,DESCENT
197.3,5339.84,-25.0,0.0,2121.3,60.0,DESCENT
197.4,5337.34,-25.0,0.0,2122.65,60.0,DESCENT
197.5,5334.84,-25.0,0.0,2124.0,60.0,DESCENT
197.6,5332.34,-25.0,0.0,2125.35,60.0,DESCENT
197.7,5329.84,-25.0,0.0,2126.7,60.0,DESCENT
197.8,5327.34,-25.0,0.0,2128.05,60.0,DESCENT
197.9,5324.84,-25.0,0.0,2129.4,60.0,DESCENT
198.0,5322.34,-25.0,0.0,2130.75,60.0,DESCENT
198.1,5319.84,-25.0,0.0,2132.1,60.0,DESCENT
198.2,5317.34,-25.0,0.0,2133.45,60.0,DESCENT
198.3,5314.84,-25.0,0.0,2134.8,60.0,DESCENT
198.4,5312.34,-25.0,0.0,2136.15,60.0,DESCENT
198.5,5309.84,-25.0,0.0,2137.5,60.0,DESCENT
198.6,5307.34,-25.0,0.0,2138.85,60.0,DESCENT
198.7,5304.84,-25.0,0.0,2140.2,60.0,DESCENT
198.8,5302.34,-25.0,0.0,2141.55,60.0,DESCENT
198.9,5299.84,-25.0,0.0,2142.9,60.0,DESCENT
199.0,5297.34,-25.0,0.0,2144.25,60.0,DESCENT
199.1,5294.84,-25.0,0.0,2145.6,60.0,DESCENT
199.2,5292.34,-25.0,0.0,2146.95,60.0,DESCENT
199.3,5289.84,-25.0,0.0,2148.3,60.0,DESCENT
199.4,5287.34,-25.0,0.0,2149.65,60.0,DESCENT
199.5,5284.84,-25.0,0.0,2151.0,60.0,DESCENT
199.6,5282.34,-25.0,0.0,2152.35,60.0,DESCENT
199.7,5279.84,-25.0,0.0,2153.7,60.0,DESCENT
199.8,5277.34,-25.0,0.0,2155.05,60.0,DESCENT
199.9,5274.84,-25.0,0.0,2156.4,60.0,DESCENT
200.0,5272.34,-25.0,0.0,2157.75,60.0,DESCENT
200.1,5269.84,-25.0,0.0,2159.1,60.0,DESCENT
200.2,5267.34,-25.0,0.0,2160.45,60.0,DESCENT
200.3,5264.84,-25.0,0.0,2161.8,60.0,DESCENT
200.4,5262.34,-25.0,0.0,2163.15,60.0,DESCENT
200.5,5259.84,-25.0,0.0,2164.5,60.0,DESCENT
200.6,5257.34,-25.0,0.0,2165.85,60.0,DESCENT
200.7,5254.84,-25.0,0.0,2167.2,60.0,DESCENT
200.8,5252.34,-25.0,0.0,2168.55,60.0,DESCENT
200.9,5249.84,-25.0,0.0,2169.9,60.0,DESCENT
201.0,5247.34,-25.0,0.0,2171.25,60.0,DESCENT
201.1,5244.84,-25.0,0.0,2172.6,60.0,DESCENT
201.2,5242.34,-25.0,0.0,2173.95,60.0,DESCENT
201.3,5239.84,-25.0,0.0,2175.3,60.0,DESCENT
201.4,5237.34,-25.0,0.0,2176.65,60.0,DESCENT
201.5,5234.84,-25.0,0.0,2178.0,60.0,DESCENT
201.6,5232.34,-25.0,0.0,2179.35,60.0,DESCENT
201.7,5229.84,-25.0,0.0,2180.7,60.0,DESCENT
201.8,5227.34,-25.0,0.0,2182.05,60.0,DESCENT
201.9,5224.84,-25.0,0.0,2183.4,60.0,DESCENT
202.0,5222.34,-25.0,0.0,2184.75,60.0,DESCENT
202.1,5219.84,-25.0,0.0,2186.1,60.0,DESCENT
202.2,5217.34,-25.0,0.0,2187.45,60.0,DESCENT
202.3,5214.84,-25.0,0.0,2188.8,60.0,DESCENT
202.4,5212.34,-25.0,0.0,2190.15,60.0,DESCENT
202.5,5209.84,-25.0,0.0,2191.5,60.0,DESCENT
202.6,5207.34,-25.0,0.0,2192.85,60.0,DESCENT
202.7,5204.84,-25.0,0.0,2194.2,60.0,DESCENT
202.8,5202.34,-25.0,0.0,2195.55,60.0,DESCENT
202.9,5199.84,-25.0,0.0,2196.9,60.0,DESCENT
203.0,5197.34,-25.0,0.0,2198.25,60.0,DESCENT
203.1,5194.84,-25.0,0.0,2199.6,60.0,DESCENT
203.2,5192.34,-25.0,0.0,2200.95,60.0,DESCENT
203.3,5189.84,-25.0,0.0,2202.3,60.0,DESCENT
203.4,5187.34,-25.0,0.0,2203.65,60.0,DESCENT
203.5,5184.84,-25.0,0.0,2205.0,60.0,DESCENT
203.6,5182.34,-25.0,0.0,2206.35,60.0,DESCENT
203.7,5179.84,-25.0,0.0,2207.7,60.0,DESCENT
203.8,5177.34,-25.0,0.0,2209.05,60.0,DESCENT
203.9,5174.84,-25.0,0.0,2210.4,60.0,DESCENT
204.0,5172.34,-25.0,0.0,2211.75,60.0,DESCENT
204.1,5169.84,-25.0,0.0,2213.1,60.0,DESCENT
204.2,5167.34,-25.0,0.0,2214.45,60.0,DESCENT
204.3,5164.84,-25.0,0.0,2215.8,60.0,DESCENT
204.4,5162.34,-25.0,0.0,2217.15,60.0,DESCENT
204.5,5159.84,-25.0,0.0,2218.5,60.0,DESCENT
204.6,5157.34,-25.0,0.0,2219.85,60.0,DESCENT
204.7,5154.84,-25.0,0.0,2221.2,60.0,DESCENT
204.8,5152.34,-25.0,0.0,2222.55,60.0,DESCENT
204.9,5149.84,-25.0,0.0,2223.9,60.0,DESCENT
205.0,5147.34,-25.0,0.0,2225.25,60.0,DESCENT
205.1,5144.84,-25.0,0.0,2226.6,60.0,DESCENT
205.2,5142.34,-25.0,0.0,2227.95,60.0,DESCENT
205.3,5139.84,-25.0,0.0,2229.3,60.0,DESCENT
205.4,5137.34,-25.0,0.0,2230.65,60.0,DESCENT
205.5,5134.84,-25.0,0.0,2232.0,60.0,DESCENT
205.6,5132.34,-25.0,0.0,2233.35,60.0,DESCENT
205.7,5129.84,-25.0,0.0,2234.7,60.0,DESCENT
205.8,5127.34,-25.0,0.0,2236.05,60.0,DESCENT
205.9,5124.84,-25.0,0.0,2237.4,60.0,DESCENT
206.0,5122.34,-25.0,0.0,2238.75,60.0,DESCENT
206.1,5119.84,-25.0,0.0,2240.1,60.0,DESCENT
206.2,5117.34,-25.0,0.0,2241.45,60.0,DESCENT
206.3,5114.84,-25.0,0.0,2242.8,60.0,DESCENT
206.4,5112.34,-25.0,0.0,2244.15,60.0,DESCENT
206.5,5109.84,-25.0,0.0,2245.5,60.0,DESCENT
206.6,5107.34,-25.0,0.0,2246.85,60.0,DESCENT
206.7,5104.84,-25.0,0.0,2248.2,60.0,DESCENT
206.8,5102.34,-25.0,0.0,2249.55,60.0,DESCENT
206.9,5099.84,-25.0,0.0,2250.9,60.0,DESCENT
207.0,5097.34,-25.0,0.0,2252.25,60.0,DESCENT
207.1,5094.84,-25.0,0.0,2253.6,60.0,DESCENT
207.2,5092.34,-25.0,0.0,2254.95,60.0,DESCENT
207.3,5089.84,-25.0,0.0,2256.3,60.0,DESCENT
207.4,5087.34,-25.0,0.0,2257.65,60.0,DESCENT
207.5,5084.84,-25.0,0.0,2259.0,60.0,DESCENT
207.6,5082.34,-25.0,0.0,2260.35,60.0,DESCENT
207.7,5079.84,-25.0,0.0,2261.7,60.0,DESCENT
207.8,5077.34,-25.0,0.0,2263.05,60.0,DESCENT
207.9,5074.84,-25.0,0.0,2264.4,60.0,DESCENT
208.0,5072.34,-25.0,0.0,2265.75,60.0,DESCENT
208.1,5069.84,-25.0,0.0,2267.1,60.0,DESCENT
208.2,5067.34,-25.0,0.0,2268.45,60.0,DESCENT
208.3,5064.84,-25.0,0.0,2269.8,60.0,DESCENT
208.4,5062.34,-25.0,0.0,2271.15,60.0,DESCENT
208.5,5059.84,-25.0,0.0,2272.5,60.0,DESCENT
208.6,5057.34,-25.0,0.0,2273.85,60.0,DESCENT
208.7,5054.84,-25.0,0.0,2275.2,60.0,DESCENT
208.8,5052.34,-25.0,0.0,2276.55,60.0,DESCENT
208.9,5049.84,-25.0,0.0,2277.9,60.0,DESCENT
209.0,5047.34,-25.0,0.0,2279.25,60.0,DESCENT
209.1,5044.84,-25.0,0.0,2280.6,60.0,DESCENT
209.2,5042.34,-25.0,0.0,2281.95,60.0,DESCENT
209.3,5039.84,-25.0,0.0,2283.3,60.0,DESCENT
209.4,5037.34,-25.0,0.0,2284.65,60.0,DESCENT
209.5,5034.84,-25.0,0.0,2286.0,60.0,DESCENT
209.6,5032.34,-25.0,0.0,2287.35,60.0,DESCENT
209.7,5029.84,-25.0,0.0,2288.7,60.0,DESCENT
209.8,5027.34,-25.0,0.0,2290.05,60.0,DESCENT
209.9,5024.84,-25.0,0.0,2291.4,60.0,DESCENT
210.0,5022.34,-25.0,0.0,2292.75,60.0,DESCENT
210.1,5019.84,-25.0,0.0,2294.1,60.0,DESCENT
210.2,5017.34,-25.0,0.0,2295.45,60.0,DESCENT
210.3,5014.84,-25.0,0.0,2296.8,60.0,DESCENT
210.4,5012.34,-25.0,0.0,2298.15,60.0,DESCENT
210.5,5009.84,-25.0,0.0,2299.5,60.0,DESCENT
210.6,5007.34,-25.0,0.0,2300.85,60.0,DESCENT
210.7,5004.84,-25.0,0.0,2302.2,60.0,DESCENT
210.8,5002.34,-25.0,0.0,2303.55,60.0,DESCENT
210.9,4999.84,-25.0,0.0,2304.9,60.0,DESCENT
211.0,4997.34,-25.0,0.0,2306.25,60.0,DESCENT
211.1,4994.84,-25.0,0.0,2307.6,60.0,DESCENT
211.2,4992.34,-25.0,0.0,2308.95,60.0,DESCENT
211.3,4989.84,-25.0,0.0,2310.3,60.0,DESCENT
211.4,4987.34,-25.0,0.0,2311.65,60.0,DESCENT
211.5,4984.84,-25.0,0.0,2313.0,60.0,DESCENT
211.6,4982.34,-25.0,0.0,2314.35,60.0,DESCENT
211.7,4979.84,-25.0,0.0,2315.7,60.0,DESCENT
211.8,4977.34,-25.0,0.0,2317.05,60.0,DESCENT
211.9,4974.84,-25.0,0.0,2318.4,60.0,DESCENT
212.0,4972.34,-25.0,0.0,2319.75,60.0,DESCENT
212.1,4969.84,-25.0,0.0,2321.1,60.0,DESCENT
212.2,4967.34,-25.0,0.0,2322.45,60.0,DESCENT
212.3,4964.84,-25.0,0.0,2323.8,60.0,DESCENT
212.4,4962.34,-25.0,0.0,2325.15,60.0,DESCENT
212.5,4959.84,-25.0,0.0,2326.5,60.0,DESCENT
212.6,4957.34,-25.0,0.0,2327.85,60.0,DESCENT
212.7,4954.84,-25.0,0.0,2329.2,60.0,DESCENT
212.8,4952.34,-25.0,0.0,2330.55,60.0,DESCENT
212.9,4949.84,-25.0,0.0,2331.9,60.0,DESCENT
213.0,4947.34,-25.0,0.0,2333.25,60.0,DESCENT
213.1,4944.84,-25.0,0.0,2334.6,60.0,DESCENT
213.2,4942.34,-25.0,0.0,2335.95,60.0,DESCENT
213.3,4939.84,-25.0,0.0,2337.3,60.0,DESCENT
213.4,4937.34,-25.0,0.0,2338.65,60.0,DESCENT
213.5,4934.84,-25.0,0.0,2340.0,60.0,DESCENT
213.6,4932.34,-25.0,0.0,2341.35,60.0,DESCENT
213.7,4929.84,-25.0,0.0,2342.7,60.0,DESCENT
213.8,4927.34,-25.0,0.0,2344.05,60.0,DESCENT
213.9,4924.84,-25.0,0.0,2345.4,60.0,DESCENT
214.0,4922.34,-25.0,0.0,2346.75,60.0,DESCENT
214.1,4919.84,-25.0,0.0,2348.1,60.0,DESCENT
214.2,4917.34,-25.0,0.0,2349.45,60.0,DESCENT
214.3,4914.84,-25.0,0.0,2350.8,60.0,DESCENT
214.4,4912.34,-25.0,0.0,2352.15,60.0,DESCENT
214.5,4909.84,-25.0,0.0,2353.5,60.0,DESCENT
214.6,4907.34,-25.0,0.0,2354.85,60.0,DESCENT
214.7,4904.84,-25.0,0.0,2356.2,60.0,DESCENT
214.8,4902.34,-25.0,0.0,2357.55,60.0,DESCENT
214.9,4899.84,-25.0,0.0,2358.9,60.0,DESCENT
215.0,4897.34,-25.0,0.0,2360.25,60.0,DESCENT
215.1,4894.84,-25.0,0.0,2361.6,60.0,DESCENT
215.2,4892.34,-25.0,0.0,2362.95,60.0,DESCENT
215.3,4889.84,-25.0,0.0,2364.3,60.0,DESCENT
215.4,4887.34,-25.0,0.0,2365.65,60.0,DESCENT
215.5,4884.84,-25.0,0.0,2367.0,60.0,DESCENT
215.6,4882.34,-25.0,0.0,2368.35,60.0,DESCENT
215.7,4879.84,-25.0,0.0,2369.7,60.0,DESCENT
215.8,4877.34,-25.0,0.0,2371.05,60.0,DESCENT
215.9,4874.84,-25.0,0.0,2372.4,60.0,DESCENT
216.0,4872.34,-25.0,0.0,2373.75,60.0,DESCENT
216.1,4869.84,-25.0,0.0,2375.1,60.0,DESCENT
216.2,4867.34,-25.0,0.0,2376.45,60.0,DESCENT
216.3,4864.84,-25.0,0.0,2377.8,60.0,DESCENT
216.4,4862.34,-25.0,0.0,2379.15,60.0,DESCENT
216.5,4859.84,-25.0,0.0,2380.5,60.0,DESCENT
216.6,4857.34,-25.0,0.0,2381.85,60.0,DESCENT
216.7,4854.84,-25.0,0.0,2383.2,60.0,DESCENT
216.8,4852.34,-25.0,0.0,2384.55,60.0,DESCENT
216.9,4849.84,-25.0,0.0,2385.9,60.0,DESCENT
217.0,4847.34,-25.0,0.0,2387.25,60.0,DESCENT
217.1,4844.84,-25.0,0.0,2388.6,60.0,DESCENT
217.2,4842.34,-25.0,0.0,2389.95,60.0,DESCENT
217.3,4839.84,-25.0,0.0,2391.3,60.0,DESCENT
217.4,4837.34,-25.0,0.0,2392.65,60.0,DESCENT
217.5,4834.84,-25.0,0.0,2394.0,60.0,DESCENT
217.6,4832.34,-25.0,0.0,2395.35,60.0,DESCENT
217.7,4829.84,-25.0,0.0,2396.7,60.0,DESCENT
217.8,4827.34,-25.0,0.0,2398.05,60.0,DESCENT
217.9,4824.84,-25.0,0.0,2399.4,60.0,DESCENT
218.0,4822.34,-25.0,0.0,2400.75,60.0,DESCENT
218.1,4819.84,-25.0,0.0,2402.1,60.0,DESCENT
218.2,4817.34,-25.0,0.0,2403.45,60.0,DESCENT
218.3,4814.84,-25.0,0.0,2404.8,60.0,DESCENT
218.4,4812.34,-25.0,0.0,2406.15,60.0,DESCENT
218.5,4809.84,-25.0,0.0,2407.5,60.0,DESCENT
218.6,4807.34,-25.0,0.0,2408.85,60.0,DESCENT
218.7,4804.84,-25.0,0.0,2410.2,60.0,DESCENT
218.8,4802.34,-25.0,0.0,2411.55,60.0,DESCENT
218.9,4799.84,-25.0,0.0,2412.9,60.0,DESCENT
219.0,4797.34,-25.0,0.0,2414.25,60.0,DESCENT
219.1,4794.84,-25.0,0.0,2415.6,60.0,DESCENT
219.2,4792.34,-25.0,0.0,2416.95,60.0,DESCENT
219.3,4789.84,-25.0,0.0,2418.3,60.0,DESCENT
219.4,4787.34,-25.0,0.0,2419.65,60.0,DESCENT
219.5,4784.84,-25.0,0.0,2421.0,60.0,DESCENT
219.6,4782.34,-25.0,0.0,2422.35,60.0,DESCENT
219.7,4779.84,-25.0,0.0,2423.7,60.0,DESCENT
219.8,4777.34,-25.0,0.0,2425.05,60.0,DESCENT
219.9,4774.84,-25.0,0.0,2426.4,60.0,DESCENT
220.0,4772.34,-25.0,0.0,2427.75,60.0,DESCENT
220.1,4769.84,-25.0,0.0,2429.1,60.0,DESCENT
220.2,4767.34,-25.0,0.0,2430.45,60.0,DESCENT
220.3,4764.84,-25.0,0.0,2431.8,60.0,DESCENT
220.4,4762.34,-25.0,0.0,2433.15,60.0,DESCENT
220.5,4759.84,-25.0,0.0,2434.5,60.0,DESCENT
220.6,4757.34,-25.0,0.0,2435.85,60.0,DESCENT
220.7,4754.84,-25.0,0.0,2437.2,60.0,DESCENT
220.8,4752.34,-25.0,0.0,2438.55,60.0,DESCENT
220.9,4749.84,-25.0,0.0,2439.9,60.0,DESCENT
221.0,4747.34,-25.0,0.0,2441.25,60.0,DESCENT
221.1,4744.84,-25.0,0.0,2442.6,60.0,DESCENT
221.2,4742.34,-25.0,0.0,2443.95,60.0,DESCENT
221.3,4739.84,-25.0,0.0,2445.3,60.0,DESCENT
221.4,4737.34,-25.0,0.0,2446.65,60.0,DESCENT
221.5,4734.84,-25.0,0.0,2448.0,60.0,DESCENT
221.6,4732.34,-25.0,0.0,2449.35,60.0,DESCENT
221.7,4729.84,-25.0,0.0,2450.7,60.0,DESCENT
221.8,4727.34,-25.0,0.0,2452.05,60.0,DESCENT
221.9,4724.84,-25.0,0.0,2453.4,60.0,DESCENT
222.0,4722.34,-25.0,0.0,2454.75,60.0,DESCENT
222.1,4719.84,-25.0,0.0,2456.1,60.0,DESCENT
222.2,4717.34,-25.0,0.0,2457.45,60.0,DESCENT
222.3,4714.84,-25.0,0.0,2458.8,60.0,DESCENT
222.4,4712.34,-25.0,0.0,2460.15,60.0,DESCENT
222.5,4709.84,-25.0,0.0,2461.5,60.0,DESCENT
222.6,4707.34,-25.0,0.0,2462.85,60.0,DESCENT
222.7,4704.84,-25.0,0.0,2464.2,60.0,DESCENT
222.8,4702.34,-25.0,0.0,2465.55,60.0,DESCENT
222.9,4699.84,-25.0,0.0,2466.9,60.0,DESCENT
223.0,4697.34,-25.0,0.0,2468.25,60.0,DESCENT
223.1,4694.84,-25.0,0.0,2469.6,60.0,DESCENT
223.2,4692.34,-25.0,0.0,2470.95,60.0,DESCENT
223.3,4689.84,-25.0,0.0,2472.3,60.0,DESCENT
223.4,4687.34,-25.0,0.0,2473.65,60.0,DESCENT
223.5,4684.84,-25.0,0.0,2475.0,60.0,DESCENT
223.6,4682.34,-25.0,0.0,2476.35,60.0,DESCENT
223.7,4679.84,-25.0,0.0,2477.7,60.0,DESCENT
223.8,4677.34,-25.0,0.0,2479.05,60.0,DESCENT
223.9,4674.84,-25.0,0.0,2480.4,60.0,DESCENT
224.0,4672.34,-25.0,0.0,2481.75,60.0,DESCENT
224.1,4669.84,-25.0,0.0,2483.1,60.0,DESCENT
224.2,4667.34,-25.0,0.0,2484.45,60.0,DESCENT
224.3,4664.84,-25.0,0.0,2485.8,60.0,DESCENT
224.4,4662.34,-25.0,0.0,2487.15,60.0,DESCENT
224.5,4659.84,-25.0,0.0,2488.5,60.0,DESCENT
224.6,4657.34,-25.0,0.0,2489.85,60.0,DESCENT
224.7,4654.84,-25.0,0.0,2491.2,60.0,DESCENT
224.8,4652.34,-25.0,0.0,2492.55,60.0,DESCENT
224.9,4649.84,-25.0,0.0,2493.9,60.0,DESCENT
225.0,4647.34,-25.0,0.0,2495.25,60.0,DESCENT
225.1,4644.84,-25.0,0.0,2496.6,60.0,DESCENT
225.2,4642.34,-25.0,0.0,2497.95,60.0,DESCENT
225.3,4639.84,-25.0,0.0,2499.3,60.0,DESCENT
225.4,4637.34,-25.0,0.0,2500.65,60.0,DESCENT
225.5,4634.84,-25.0,0.0,2502.0,60.0,DESCENT
225.6,4632.34,-25.0,0.0,2503.35,60.0,DESCENT
225.7,4629.84,-25.0,0.0,2504.7,60.0,DESCENT
225.8,4627.34,-25.0,0.0,2506.05,60.0,DESCENT
225.9,4624.84,-25.0,0.0,2507.4,60.0,DESCENT
226.0,4622.34,-25.0,0.0,2508.75,60.0,DESCENT
226.1,4619.84,-25.0,0.0,2510.1,60.0,DESCENT
226.2,4617.34,-25.0,0.0,2511.45,60.0,DESCENT
226.3,4614.84,-25.0,0.0,2512.8,60.0,DESCENT
226.4,4612.34,-25.0,0.0,2514.15,60.0,DESCENT
226.5,4609.84,-25.0,0.0,2515.5,60.0,DESCENT
226.6,4607.34,-25.0,0.0,2516.85,60.0,DESCENT
226.7,4604.84,-25.0,0.0,2518.2,60.0,DESCENT
226.8,4602.34,-25.0,0.0,2519.55,60.0,DESCENT
226.9,4599.84,-25.0,0.0,2520.9,60.0,DESCENT
227.0,4597.34,-25.0,0.0,2522.25,60.0,DESCENT
227.1,4594.84,-25.0,0.0,2523.6,60.0,DESCENT
227.2,4592.34,-25.0,0.0,2524.95,60.0,DESCENT
227.3,4589.84,-25.0,0.0,2526.3,60.0,DESCENT
227.4,4587.34,-25.0,0.0,2527.65,60.0,DESCENT
227.5,4584.84,-25.0,0.0,2529.0,60.0,DESCENT
227.6,4582.34,-25.0,0.0,2530.35,60.0,DESCENT
227.7,4579.84,-25.0,0.0,2531.7,60.0,DESCENT
227.8,4577.34,-25.0,0.0,2533.05,60.0,DESCENT
227.9,4574.84,-25.0,0.0,2534.4,60.0,DESCENT
228.0,4572.34,-25.0,0.0,2535.75,60.0,DESCENT
228.1,4569.84,-25.0,0.0,2537.1,60.0,DESCENT
228.2,4567.34,-25.0,0.0,2538.45,60.0,DESCENT
228.3,4564.84,-25.0,0.0,2539.8,60.0,DESCENT
228.4,4562.34,-25.0,0.0,2541.15,60.0,DESCENT
228.5,4559.84,-25.0,0.0,2542.5,60.0,DESCENT
228.6,4557.34,-25.0,0.0,2543.85,60.0,DESCENT
228.7,4554.84,-25.0,0.0,2545.2,60.0,DESCENT
228.8,4552.34,-25.0,0.0,2546.55,60.0,DESCENT
228.9,4549.84,-25.0,0.0,2547.9,60.0,DESCENT
229.0,4547.34,-25.0,0.0,2549.25,60.0,DESCENT
229.1,4544.84,-25.0,0.0,2550.6,60.0,DESCENT
229.2,4542.34,-25.0,0.0,2551.95,60.0,DESCENT
229.3,4539.84,-25.0,0.0,2553.3,60.0,DESCENT
229.4,4537.34,-25.0,0.0,2554.65,60.0,DESCENT
229.5,4534.84,-25.0,0.0,2556.0,60.0,DESCENT
229.6,4532.34,-25.0,0.0,2557.35,60.0,DESCENT
229.7,4529.84,-25.0,0.0,2558.7,60.0,DESCENT
229.8,4527.34,-25.0,0.0,2560.05,60.0,DESCENT
229.9,4524.84,-25.0,0.0,2561.4,60.0,DESCENT
230.0,4522.34,-25.0,0.0,2562.75,60.0,DESCENT
230.1,4519.84,-25.0,0.0,2564.1,60.0,DESCENT
230.2,4517.34,-25.0,0.0,2565.45,60.0,DESCENT
230.3,4514.84,-25.0,0.0,2566.8,60.0,DESCENT
230.4,4512.34,-25.0,0.0,2568.15,60.0,DESCENT
230.5,4509.84,-25.0,0.0,2569.5,60.0,DESCENT
230.6,4507.34,-25.0,0.0,2570.85,60.0,DESCENT
230.7,4504.84,-25.0,0.0,2572.2,60.0,DESCENT
230.8,4502.34,-25.0,0.0,2573.55,60.0,DESCENT
230.9,4499.84,-25.0,0.0,2574.9,60.0,DESCENT
231.0,4497.34,-25.0,0.0,2576.25,60.0,DESCENT
231.1,4494.84,-25.0,0.0,2577.6,60.0,DESCENT
231.2,4492.34,-25.0,0.0,2578.95,60.0,DESCENT
231.3,4489.84,-25.0,0.0,2580.3,60.0,DESCENT
231.4,4487.34,-25.0,0.0,2581.65,60.0,DESCENT
231.5,4484.84,-25.0,0.0,2583.0,60.0,DESCENT
231.6,4482.34,-25.0,0.0,2584.35,60.0,DESCENT
231.7,4479.84,-25.0,0.0,2585.7,60.0,DESCENT
231.8,4477.34,-25.0,0.0,2587.05,60.0,DESCENT
231.9,4474.84,-25.0,0.0,2588.4,60.0,DESCENT
232.0,4472.34,-25.0,0.0,2589.75,60.0,DESCENT
232.1,4469.84,-25.0,0.0,2591.1,60.0,DESCENT
232.2,4467.34,-25.0,0.0,2592.45,60.0,DESCENT
232.3,4464.84,-25.0,0.0,2593.8,60.0,DESCENT
232.4,4462.34,-25.0,0.0,2595.15,60.0,DESCENT
232.5,4459.84,-25.0,0.0,2596.5,60.0,DESCENT
232.6,4457.34,-25.0,0.0,2597.85,60.0,DESCENT
232.7,4454.84,-25.0,0.0,2599.2,60.0,DESCENT
232.8,4452.34,-25.0,0.0,2600.55,60.0,DESCENT
232.9,4449.84,-25.0,0.0,2601.9,60.0,DESCENT
233.0,4447.34,-25.0,0.0,2603.25,60.0,DESCENT
233.1,4444.84,-25.0,0.0,2604.6,60.0,DESCENT
233.2,4442.34,-25.0,0.0,2605.95,60.0,DESCENT
233.3,4439.84,-25.0,0.0,2607.3,60.0,DESCENT
233.4,4437.34,-25.0,0.0,2608.65,60.0,DESCENT
233.5,4434.84,-25.0,0.0,2610.0,60.0,DESCENT
233.6,4432.34,-25.0,0.0,2611.35,60.0,DESCENT
233.7,4429.84,-25.0,0.0,2612.7,60.0,DESCENT
233.8,4427.34,-25.0,0.0,2614.05,60.0,DESCENT
233.9,4424.84,-25.0,0.0,2615.4,60.0,DESCENT
234.0,4422.34,-25.0,0.0,2616.75,60.0,DESCENT
234.1,4419.84,-25.0,0.0,2618.1,60.0,DESCENT
234.2,4417.34,-25.0,0.0,2619.45,60.0,DESCENT
234.3,4414.84,-25.0,0.0,2620.8,60.0,DESCENT
234.4,4412.34,-25.0,0.0,2622.15,60.0,DESCENT
234.5,4409.84,-25.0,0.0,2623.5,60.0,DESCENT
234.6,4407.34,-25.0,0.0,2624.85,60.0,DESCENT
234.7,4404.84,-25.0,0.0,2626.2,60.0,DESCENT
234.8,4402.34,-25.0,0.0,2627.55,60.0,DESCENT
234.9,4399.84,-25.0,0.0,2628.9,60.0,DESCENT
235.0,4397.34,-25.0,0.0,2630.25,60.0,DESCENT
235.1,4394.84,-25.0,0.0,2631.6,60.0,DESCENT
235.2,4392.34,-25.0,0.0,2632.95,60.0,DESCENT
235.3,4389.84,-25.0,0.0,2634.3,60.0,DESCENT
235.4,4387.34,-25.0,0.0,2635.65,60.0,DESCENT
235.5,4384.84,-25.0,0.0,2637.0,60.0,DESCENT
235.6,4382.34,-25.0,0.0,2638.35,60.0,DESCENT
235.7,4379.84,-25.0,0.0,2639.7,60.0,DESCENT
235.8,4377.34,-25.0,0.0,2641.05,60.0,DESCENT
235.9,4374.84,-25.0,0.0,2642.4,60.0,DESCENT
236.0,4372.34,-25.0,0.0,2643.75,60.0,DESCENT
236.1,4369.84,-25.0,0.0,2645.1,60.0,DESCENT
236.2,4367.34,-25.0,0.0,2646.45,60.0,DESCENT
236.3,4364.84,-25.0,0.0,2647.8,60.0,DESCENT
236.4,4362.34,-25.0,0.0,2649.15,60.0,DESCENT
236.5,4359.84,-25.0,0.0,2650.5,60.0,DESCENT
236.6,4357.34,-25.0,0.0,2651.85,60.0,DESCENT
236.7,4354.84,-25.0,0.0,2653.2,60.0,DESCENT
236.8,4352.34,-25.0,0.0,2654.55,60.0,DESCENT
236.9,4349.84,-25.0,0.0,2655.9,60.0,DESCENT
237.0,4347.34,-25.0,0.0,2657.25,60.0,DESCENT
237.1,4344.84,-25.0,0.0,2658.6,60.0,DESCENT
237.2,4342.34,-25.0,0.0,2659.95,60.0,DESCENT
237.3,4339.84,-25.0,0.0,2661.3,60.0,DESCENT
237.4,4337.34,-25.0,0.0,2662.65,60.0,DESCENT
237.5,4334.84,-25.0,0.0,2664.0,60.0,DESCENT
237.6,4332.34,-25.0,0.0,2665.35,60.0,DESCENT
237.7,4329.84,-25.0,0.0,2666.7,60.0,DESCENT
237.8,4327.34,-25.0,0.0,2668.05,60.0,DESCENT
237.9,4324.84,-25.0,0.0,2669.4,60.0,DESCENT
238.0,4322.34,-25.0,0.0,2670.75,60.0,DESCENT
238.1,4319.84,-25.0,0.0,2672.1,60.0,DESCENT
238.2,4317.34,-25.0,0.0,2673.45,60.0,DESCENT
238.3,4314.84,-25.0,0.0,2674.8,60.0,DESCENT
238.4,4312.34,-25.0,0.0,2676.15,60.0,DESCENT
238.5,4309.84,-25.0,0.0,2677.5,60.0,DESCENT
238.6,4307.34,-25.0,0.0,2678.85,60.0,DESCENT
238.7,4304.84,-25.0,0.0,2680.2,60.0,DESCENT
238.8,4302.34,-25.0,0.0,2681.55,60.0,DESCENT
238.9,4299.84,-25.0,0.0,2682.9,60.0,DESCENT
239.0,4297.34,-25.0,0.0,2684.25,60.0,DESCENT
239.1,4294.84,-25.0,0.0,2685.6,60.0,DESCENT
239.2,4292.34,-25.0,0.0,2686.95,60.0,DESCENT
239.3,4289.84,-25.0,0.0,2688.3,60.0,DESCENT
239.4,4287.34,-25.0,0.0,2689.65,60.0,DESCENT
239.5,4284.84,-25.0,0.0,2691.0,60.0,DESCENT
239.6,4282.34,-25.0,0.0,2692.35,60.0,DESCENT
239.7,4279.84,-25.0,0.0,2693.7,60.0,DESCENT
239.8,4277.34,-25.0,0.0,2695.05,60.0,DESCENT
239.9,4274.84,-25.0,0.0,2696.4,60.0,DESCENT
240.0,4272.34,-25.0,0.0,2697.75,60.0,DESCENT
240.1,4269.84,-25.0,0.0,2699.1,60.0,DESCENT
240.2,4267.34,-25.0,0.0,2700.45,60.0,DESCENT
240.3,4264.84,-25.0,0.0,2701.8,60.0,DESCENT
240.4,4262.34,-25.0,0.0,2703.15,60.0,DESCENT
240.5,4259.84,-25.0,0.0,2704.5,60.0,DESCENT
240.6,4257.34,-25.0,0.0,2705.85,60.0,DESCENT
240.7,4254.84,-25.0,0.0,2707.2,60.0,DESCENT
240.8,4252.34,-25.0,0.0,2708.55,60.0,DESCENT
240.9,4249.84,-25.0,0.0,2709.9,60.0,DESCENT
241.0,4247.34,-25.0,0.0,2711.25,60.0,DESCENT
241.1,4244.84,-25.0,0.0,2712.6,60.0,DESCENT
241.2,4242.34,-25.0,0.0,2713.95,60.0,DESCENT
241.3,4239.84,-25.0,0.0,2715.3,60.0,DESCENT
241.4,4237.34,-25.0,0.0,2716.65,60.0,DESCENT
241.5,4234.84,-25.0,0.0,2718.0,60.0,DESCENT
241.6,4232.34,-25.0,0.0,2719.35,60.0,DESCENT
241.7,4229.84,-25.0,0.0,2720.7,60.0,DESCENT
241.8,4227.34,-25.0,0.0,2722.05,60.0,DESCENT
241.9,4224.84,-25.0,0.0,2723.4,60.0,DESCENT
242.0,4222.34,-25.0,0.0,2724.75,60.0,DESCENT
242.1,4219.84,-25.0,0.0,2726.1,60.0,DESCENT
242.2,4217.34,-25.0,0.0,2727.45,60.0,DESCENT
242.3,4214.84,-25.0,0.0,2728.8,60.0,DESCENT
242.4,4212.34,-25.0,0.0,2730.15,60.0,DESCENT
242.5,4209.84,-25.0,0.0,2731.5,60.0,DESCENT
242.6,4207.34,-25.0,0.0,2732.85,60.0,DESCENT
242.7,4204.84,-25.0,0.0,2734.2,60.0,DESCENT
242.8,4202.34,-25.0,0.0,2735.55,60.0,DESCENT
242.9,4199.84,-25.0,0.0,2736.9,60.0,DESCENT
243.0,4197.34,-25.0,0.0,2738.25,60.0,DESCENT
243.1,4194.84,-25.0,0.0,2739.6,60.0,DESCENT
243.2,4192.34,-25.0,0.0,2740.95,60.0,DESCENT
243.3,4189.84,-25.0,0.0,2742.3,60.0,DESCENT
243.4,4187.34,-25.0,0.0,2743.65,60.0,DESCENT
243.5,4184.84,-25.0,0.0,2745.0,60.0,DESCENT
243.6,4182.34,-25.0,0.0,2746.35,60.0,DESCENT
243.7,4179.84,-25.0,0.0,2747.7,60.0,DESCENT
243.8,4177.34,-25.0,0.0,2749.05,60.0,DESCENT
243.9,4174.84,-25.0,0.0,2750.4,60.0,DESCENT
244.0,4172.34,-25.0,0.0,2751.75,60.0,DESCENT
244.1,4169.84,-25.0,0.0,2753.1,60.0,DESCENT
244.2,4167.34,-25.0,0.0,2754.45,60.0,DESCENT
244.3,4164.84,-25.0,0.0,2755.8,60.0,DESCENT
244.4,4162.34,-25.0,0.0,2757.15,60.0,DESCENT
244.5,4159.84,-25.0,0.0,2758.5,60.0,DESCENT
244.6,4157.34,-25.0,0.0,2759.85,60.0,DESCENT
244.7,4154.84,-25.0,0.0,2761.2,60.0,DESCENT
244.8,4152.34,-25.0,0.0,2762.55,60.0,DESCENT
244.9,4149.84,-25.0,0.0,2763.9,60.0,DESCENT
245.0,4147.34,-25.0,0.0,2765.25,60.0,DESCENT
245.1,4144.84,-25.0,0.0,2766.6,60.0,DESCENT
245.2,4142.34,-25.0,0.0,2767.95,60.0,DESCENT
245.3,4139.84,-25.0,0.0,2769.3,60.0,DESCENT
245.4,4137.34,-25.0,0.0,2770.65,60.0,DESCENT
245.5,4134.84,-25.0,0.0,2772.0,60.0,DESCENT
245.6,4132.34,-25.0,0.0,2773.35,60.0,DESCENT
245.7,4129.84,-25.0,0.0,2774.7,60.0,DESCENT
245.8,4127.34,-25.0,0.0,2776.05,60.0,DESCENT
245.9,4124.84,-25.0,0.0,2777.4,60.0,DESCENT
246.0,4122.34,-25.0,0.0,2778.75,60.0,DESCENT
246.1,4119.84,-25.0,0.0,2780.1,60.0,DESCENT
246.2,4117.34,-25.0,0.0,2781.45,60.0,DESCENT
246.3,4114.84,-25.0,0.0,2782.8,60.0,DESCENT
246.4,4112.34,-25.0,0.0,2784.15,60.0,DESCENT
246.5,4109.84,-25.0,0.0,2785.5,60.0,DESCENT
246.6,4107.34,-25.0,0.0,2786.85,60.0,DESCENT
246.7,4104.84,-25.0,0.0,2788.2,60.0,DESCENT
246.8,4102.34,-25.0,0.0,2789.55,60.0,DESCENT
246.9,4099.84,-25.0,0.0,2790.9,60.0,DESCENT
247.0,4097.34,-25.0,0.0,2792.25,60.0,DESCENT
247.1,4094.84,-25.0,0.0,2793.6,60.0,DESCENT
247.2,4092.34,-25.0,0.0,2794.95,60.0,DESCENT
247.3,4089.84,-25.0,0.0,2796.3,60.0,DESCENT
247.4,4087.34,-25.0,0.0,2797.65,60.0,DESCENT
247.5,4084.84,-25.0,0.0,2799.0,60.0,DESCENT
247.6,4082.34,-25.0,0.0,2800.35,60.0,DESCENT
247.7,4079.84,-25.0,0.0,2801.7,60.0,DESCENT
247.8,4077.34,-25.0,0.0,2803.05,60.0,DESCENT
247.9,4074.84,-25.0,0.0,2804.4,60.0,DESCENT
248.0,4072.34,-25.0,0.0,2805.75,60.0,DESCENT
248.1,4069.84,-25.0,0.0,2807.1,60.0,DESCENT
248.2,4067.34,-25.0,0.0,2808.45,60.0,DESCENT
248.3,4064.84,-25.0,0.0,2809.8,60.0,DESCENT
248.4,4062.34,-25.0,0.0,2811.15,60.0,DESCENT
248.5,4059.84,-25.0,0.0,2812.5,60.0,DESCENT
248.6,4057.34,-25.0,0.0,2813.85,60.0,DESCENT
248.7,4054.84,-25.0,0.0,2815.2,60.0,DESCENT
248.8,4052.34,-25.0,0.0,2816.55,60.0,DESCENT
248.9,4049.84,-25.0,0.0,2817.9,60.0,DESCENT
249.0,4047.34,-25.0,0.0,2819.25,60.0,DESCENT
249.1,4044.84,-25.0,0.0,2820.6,60.0,DESCENT
249.2,4042.34,-25.0,0.0,2821.95,60.0,DESCENT
249.3,4039.84,-25.0,0.0,2823.3,60.0,DESCENT
249.4,4037.34,-25.0,0.0,2824.65,60.0,DESCENT
249.5,4034.84,-25.0,0.0,2826.0,60.0,DESCENT
249.6,4032.34,-25.0,0.0,2827.35,60.0,DESCENT
249.7,4029.84,-25.0,0.0,2828.7,60.0,DESCENT
249.8,4027.34,-25.0,0.0,2830.05,60.0,DESCENT
249.9,4024.84,-25.0,0.0,2831.4,60.0,DESCENT
250.0,4022.34,-25.0,0.0,2832.75,60.0,DESCENT
250.1,4019.84,-25.0,0.0,2834.1,60.0,DESCENT
250.2,4017.34,-25.0,0.0,2835.45,60.0,DESCENT
250.3,4014.84,-25.0,0.0,2836.8,60.0,DESCENT
250.4,4012.34,-25.0,0.0,2838.15,60.0,DESCENT
250.5,4009.84,-25.0,0.0,2839.5,60.0,DESCENT
250.6,4007.34,-25.0,0.0,2840.85,60.0,DESCENT
250.7,4004.84,-25.0,0.0,2842.2,60.0,DESCENT
250.8,4002.34,-25.0,0.0,2843.55,60.0,DESCENT
250.9,3999.84,-25.0,0.0,2844.9,60.0,DESCENT
251.0,3997.34,-25.0,0.0,2846.25,60.0,DESCENT
251.1,3994.84,-25.0,0.0,2847.6,60.0,DESCENT
251.2,3992.34,-25.0,0.0,2848.95,60.0,DESCENT
251.3,3989.84,-25.0,0.0,2850.3,60.0,DESCENT
251.4,3987.34,-25.0,0.0,2851.65,60.0,DESCENT
251.5,3984.84,-25.0,0.0,2853.0,60.0,DESCENT
251.6,3982.34,-25.0,0.0,2854.35,60.0,DESCENT
251.7,3979.84,-25.0,0.0,2855.7,60.0,DESCENT
251.8,3977.34,-25.0,0.0,2857.05,60.0,DESCENT
251.9,3974.84,-25.0,0.0,2858.4,60.0,DESCENT
252.0,3972.34,-25.0,0.0,2859.75,60.0,DESCENT
252.1,3969.84,-25.0,0.0,2861.1,60.0,DESCENT
252.2,3967.34,-25.0,0.0,2862.45,60.0,DESCENT
252.3,3964.84,-25.0,0.0,2863.8,60.0,DESCENT
252.4,3962.34,-25.0,0.0,2865.15,60.0,DESCENT
252.5,3959.84,-25.0,0.0,2866.5,60.0,DESCENT
252.6,3957.34,-25.0,0.0,2867.85,60.0,DESCENT
252.7,3954.84,-25.0,0.0,2869.2,60.0,DESCENT
252.8,3952.34,-25.0,0.0,2870.55,60.0,DESCENT
252.9,3949.84,-25.0,0.0,2871.9,60.0,DESCENT
253.0,3947.34,-25.0,0.0,2873.25,60.0,DESCENT
253.1,3944.84,-25.0,0.0,2874.6,60.0,DESCENT
253.2,3942.34,-25.0,0.0,2875.95,60.0,DESCENT
253.3,3939.84,-25.0,0.0,2877.3,60.0,DESCENT
253.4,3937.34,-25.0,0.0,2878.65,60.0,DESCENT
253.5,3934.84,-25.0,0.0,2880.0,60.0,DESCENT
253.6,3932.34,-25.0,0.0,2881.35,60.0,DESCENT
253.7,3929.84,-25.0,0.0,2882.7,60.0,DESCENT
253.8,3927.34,-25.0,0.0,2884.05,60.0,DESCENT
253.9,3924.84,-25.0,0.0,2885.4,60.0,DESCENT
254.0,3922.34,-25.0,0.0,2886.75,60.0,DESCENT
254.1,3919.84,-25.0,0.0,2888.1,60.0,DESCENT
254.2,3917.34,-25.0,0.0,2889.45,60.0,DESCENT
254.3,3914.84,-25.0,0.0,2890.8,60.0,DESCENT
254.4,3912.34,-25.0,0.0,2892.15,60.0,DESCENT
254.5,3909.84,-25.0,0.0,2893.5,60.0,DESCENT
254.6,3907.34,-25.0,0.0,2894.85,60.0,DESCENT
254.7,3904.84,-25.0,0.0,2896.2,60.0,DESCENT
254.8,3902.34,-25.0,0.0,2897.55,60.0,DESCENT
254.9,3899.84,-25.0,0.0,2898.9,60.0,DESCENT
255.0,3897.34,-25.0,0.0,2900.25,60.0,DESCENT
255.1,3894.84,-25.0,0.0,2901.6,60.0,DESCENT
255.2,3892.34,-25.0,0.0,2902.95,60.0,DESCENT
255.3,3889.84,-25.0,0.0,2904.3,60.0,DESCENT
255.4,3887.34,-25.0,0.0,2905.65,60.0,DESCENT
255.5,3884.84,-25.0,0.0,2907.0,60.0,DESCENT
255.6,3882.34,-25.0,0.0,2908.35,60.0,DESCENT
255.7,3879.84,-25.0,0.0,2909.7,60.0,DESCENT
255.8,3877.34,-25.0,0.0,2911.05,60.0,DESCENT
255.9,3874.84,-25.0,0.0,2912.4,60.0,DESCENT
256.0,3872.34,-25.0,0.0,2913.75,60.0,DESCENT
256.1,3869.84,-25.0,0.0,2915.1,60.0,DESCENT
256.2,3867.34,-25.0,0.0,2916.45,60.0,DESCENT
256.3,3864.84,-25.0,0.0,2917.8,60.0,DESCENT
256.4,3862.34,-25.0,0.0,2919.15,60.0,DESCENT
256.5,3859.84,-25.0,0.0,2920.5,60.0,DESCENT
256.6,3857.34,-25.0,0.0,2921.85,60.0,DESCENT
256.7,3854.84,-25.0,0.0,2923.2,60.0,DESCENT
256.8,3852.34,-25.0,0.0,2924.55,60.0,DESCENT
256.9,3849.84,-25.0,0.0,2925.9,60.0,DESCENT
257.0,3847.34,-25.0,0.0,2927.25,60.0,DESCENT
257.1,3844.84,-25.0,0.0,2928.6,60.0,DESCENT
257.2,3842.34,-25.0,0.0,2929.95,60.0,DESCENT
257.3,3839.84,-25.0,0.0,2931.3,60.0,DESCENT
257.4,3837.34,-25.0,0.0,2932.65,60.0,DESCENT
257.5,3834.84,-25.0,0.0,2934.0,60.0,DESCENT
257.6,3832.34,-25.0,0.0,2935.35,60.0,DESCENT
257.7,3829.84,-25.0,0.0,2936.7,60.0,DESCENT
257.8,3827.34,-25.0,0.0,2938.05,60.0,DESCENT
257.9,3824.84,-25.0,0.0,2939.4,60.0,DESCENT
258.0,3822.34,-25.0,0.0,2940.75,60.0,DESCENT
258.1,3819.84,-25.0,0.0,2942.1,60.0,DESCENT
258.2,3817.34,-25.0,0.0,2943.45,60.0,DESCENT
258.3,3814.84,-25.0,0.0,2944.8,60.0,DESCENT
258.4,3812.34,-25.0,0.0,2946.15,60.0,DESCENT
258.5,3809.84,-25.0,0.0,2947.5,60.0,DESCENT
258.6,3807.34,-25.0,0.0,2948.85,60.0,DESCENT
258.7,3804.84,-25.0,0.0,2950.2,60.0,DESCENT
258.8,3802.34,-25.0,0.0,2951.55,60.0,DESCENT
258.9,3799.84,-25.0,0.0,2952.9,60.0,DESCENT
259.0,3797.34,-25.0,0.0,2954.25,60.0,DESCENT
259.1,3794.84,-25.0,0.0,2955.6,60.0,DESCENT
259.2,3792.34,-25.0,0.0,2956.95,60.0,DESCENT
259.3,3789.84,-25.0,0.0,2958.3,60.0,DESCENT
259.4,3787.34,-25.0,0.0,2959.65,60.0,DESCENT
259.5,3784.84,-25.0,0.0,2961.0,60.0,DESCENT
259.6,3782.34,-25.0,0.0,2962.35,60.0,DESCENT
259.7,3779.84,-25.0,0.0,2963.7,60.0,DESCENT
259.8,3777.34,-25.0,0.0,2965.05,60.0,DESCENT
259.9,3774.84,-25.0,0.0,2966.4,60.0,DESCENT
260.0,3772.34,-25.0,0.0,2967.75,60.0,DESCENT
260.1,3769.84,-25.0,0.0,2969.1,60.0,DESCENT
260.2,3767.34,-25.0,0.0,2970.45,60.0,DESCENT
260.3,3764.84,-25.0,0.0,2971.8,60.0,DESCENT
260.4,3762.34,-25.0,0.0,2973.15,60.0,DESCENT
260.5,3759.84,-25.0,0.0,2974.5,60.0,DESCENT
260.6,3757.34,-25.0,0.0,2975.85,60.0,DESCENT
260.7,3754.84,-25.0,0.0,2977.2,60.0,DESCENT
260.8,3752.34,-25.0,0.0,2978.55,60.0,DESCENT
260.9,3749.84,-25.0,0.0,2979.9,60.0,DESCENT
261.0,3747.34,-25.0,0.0,2981.25,60.0,DESCENT
261.1,3744.84,-25.0,0.0,2982.6,60.0,DESCENT
261.2,3742.34,-25.0,0.0,2983.95,60.0,DESCENT
261.3,3739.84,-25.0,0.0,2985.3,60.0,DESCENT
261.4,3737.34,-25.0,0.0,2986.65,60.0,DESCENT
261.5,3734.84,-25.0,0.0,2988.0,60.0,DESCENT
261.6,3732.34,-25.0,0.0,2989.35,60.0,DESCENT
261.7,3729.84,-25.0,0.0,2990.7,60.0,DESCENT
261.8,3727.34,-25.0,0.0,2992.05,60.0,DESCENT
261.9,3724.84,-25.0,0.0,2993.4,60.0,DESCENT
262.0,3722.34,-25.0,0.0,2994.75,60.0,DESCENT
262.1,3719.84,-25.0,0.0,2996.1,60.0,DESCENT
262.2,3717.34,-25.0,0.0,2997.45,60.0,DESCENT
262.3,3714.84,-25.0,0.0,2998.8,60.0,DESCENT
262.4,3712.34,-25.0,0.0,3000.15,60.0,DESCENT
262.5,3709.84,-25.0,0.0,3001.5,60.0,DESCENT
262.6,3707.34,-25.0,0.0,3002.85,60.0,DESCENT
262.7,3704.84,-25.0,0.0,3004.2,60.0,DESCENT
262.8,3702.34,-25.0,0.0,3005.55,60.0,DESCENT
262.9,3699.84,-25.0,0.0,3006.9,60.0,DESCENT
263.0,3697.34,-25.0,0.0,3008.25,60.0,DESCENT
263.1,3694.84,-25.0,0.0,3009.6,60.0,DESCENT
263.2,3692.34,-25.0,0.0,3010.95,60.0,DESCENT
263.3,3689.84,-25.0,0.0,3012.3,60.0,DESCENT
263.4,3687.34,-25.0,0.0,3013.65,60.0,DESCENT
263.5,3684.84,-25.0,0.0,3015.0,60.0,DESCENT
263.6,3682.34,-25.0,0.0,3016.35,60.0,DESCENT
263.7,3679.84,-25.0,0.0,3017.7,60.0,DESCENT
263.8,3677.34,-25.0,0.0,3019.05,60.0,DESCENT
263.9,3674.84,-25.0,0.0,3020.4,60.0,DESCENT
264.0,3672.34,-25.0,0.0,3021.75,60.0,DESCENT
264.1,3669.84,-25.0,0.0,3023.1,60.0,DESCENT
264.2,3667.34,-25.0,0.0,3024.45,60.0,DESCENT
264.3,3664.84,-25.0,0.0,3025.8,60.0,DESCENT
264.4,3662.34,-25.0,0.0,3027.15,60.0,DESCENT
264.5,3659.84,-25.0,0.0,3028.5,60.0,DESCENT
264.6,3657.34,-25.0,0.0,3029.85,60.0,DESCENT
264.7,3654.84,-25.0,0.0,3031.2,60.0,DESCENT
264.8,3652.34,-25.0,0.0,3032.55,60.0,DESCENT
264.9,3649.84,-25.0,0.0,3033.9,60.0,DESCENT
265.0,3647.34,-25.0,0.0,3035.25,60.0,DESCENT
265.1,3644.84,-25.0,0.0,3036.6,60.0,DESCENT
265.2,3642.34,-25.0,0.0,3037.95,60.0,DESCENT
265.3,3639.84,-25.0,0.0,3039.3,60.0,DESCENT
265.4,3637.34,-25.0,0.0,3040.65,60.0,DESCENT
265.5,3634.84,-25.0,0.0,3042.0,60.0,DESCENT
265.6,3632.34,-25.0,0.0,3043.35,60.0,DESCENT
265.7,3629.84,-25.0,0.0,3044.7,60.0,DESCENT
265.8,3627.34,-25.0,0.0,3046.05,60.0,DESCENT
265.9,3624.84,-25.0,0.0,3047.4,60.0,DESCENT
266.0,3622.34,-25.0,0.0,3048.75,60.0,DESCENT
266.1,3619.84,-25.0,0.0,3050.1,60.0,DESCENT
266.2,3617.34,-25.0,0.0,3051.45,60.0,DESCENT
266.3,3614.84,-25.0,0.0,3052.8,60.0,DESCENT
266.4,3612.34,-25.0,0.0,3054.15,60.0,DESCENT
266.5,3609.84,-25.0,0.0,3055.5,60.0,DESCENT
266.6,3607.34,-25.0,0.0,3056.85,60.0,DESCENT
266.7,3604.84,-25.0,0.0,3058.2,60.0,DESCENT
266.8,3602.34,-25.0,0.0,3059.55,60.0,DESCENT
266.9,3599.84,-25.0,0.0,3060.9,60.0,DESCENT
267.0,3597.34,-25.0,0.0,3062.25,60.0,DESCENT
267.1,3594.84,-25.0,0.0,3063.6,60.0,DESCENT
267.2,3592.34,-25.0,0.0,3064.95,60.0,DESCENT
267.3,3589.84,-25.0,0.0,3066.3,60.0,DESCENT
267.4,3587.34,-25.0,0.0,3067.65,60.0,DESCENT
267.5,3584.84,-25.0,0.0,3069.0,60.0,DESCENT
267.6,3582.34,-25.0,0.0,3070.35,60.0,DESCENT
267.7,3579.84,-25.0,0.0,3071.7,60.0,DESCENT
267.8,3577.34,-25.0,0.0,3073.05,60.0,DESCENT
267.9,3574.84,-25.0,0.0,3074.4,60.0,DESCENT
268.0,3572.34,-25.0,0.0,3075.75,60.0,DESCENT
268.1,3569.84,-25.0,0.0,3077.1,60.0,DESCENT
268.2,3567.34,-25.0,0.0,3078.45,60.0,DESCENT
268.3,3564.84,-25.0,0.0,3079.8,60.0,DESCENT
268.4,3562.34,-25.0,0.0,3081.15,60.0,DESCENT
268.5,3559.84,-25.0,0.0,3082.5,60.0,DESCENT
268.6,3557.34,-25.0,0.0,3083.85,60.0,DESCENT
268.7,3554.84,-25.0,0.0,3085.2,60.0,DESCENT
268.8,3552.34,-25.0,0.0,3086.55,60.0,DESCENT
268.9,3549.84,-25.0,0.0,3087.9,60.0,DESCENT
269.0,3547.34,-25.0,0.0,3089.25,60.0,DESCENT
269.1,3544.84,-25.0,0.0,3090.6,60.0,DESCENT
269.2,3542.34,-25.0,0.0,3091.95,60.0,DESCENT
269.3,3539.84,-25.0,0.0,3093.3,60.0,DESCENT
269.4,3537.34,-25.0,0.0,3094.65,60.0,DESCENT
269.5,3534.84,-25.0,0.0,3096.0,60.0,DESCENT
269.6,3532.34,-25.0,0.0,3097.35,60.0,DESCENT
269.7,3529.84,-25.0,0.0,3098.7,60.0,DESCENT
269.8,3527.34,-25.0,0.0,3100.05,60.0,DESCENT
269.9,3524.84,-25.0,0.0,3101.4,60.0,DESCENT
270.0,3522.34,-25.0,0.0,3102.75,60.0,DESCENT
270.1,3519.84,-25.0,0.0,3104.1,60.0,DESCENT
270.2,3517.34,-25.0,0.0,3105.45,60.0,DESCENT
270.3,3514.84,-25.0,0.0,3106.8,60.0,DESCENT
270.4,3512.34,-25.0,0.0,3108.15,60.0,DESCENT
270.5,3509.84,-25.0,0.0,3109.5,60.0,DESCENT
270.6,3507.34,-25.0,0.0,3110.85,60.0,DESCENT
270.7,3504.84,-25.0,0.0,3112.2,60.0,DESCENT
270.8,3502.34,-25.0,0.0,3113.55,60.0,DESCENT
270.9,3499.84,-25.0,0.0,3114.9,60.0,DESCENT
271.0,3497.34,-25.0,0.0,3116.25,60.0,DESCENT
271.1,3494.84,-25.0,0.0,3117.6,60.0,DESCENT
271.2,3492.34,-25.0,0.0,3118.95,60.0,DESCENT
271.3,3489.84,-25.0,0.0,3120.3,60.0,DESCENT
271.4,3487.34,-25.0,0.0,3121.65,60.0,DESCENT
271.5,3484.84,-25.0,0.0,3123.0,60.0,DESCENT
271.6,3482.34,-25.0,0.0,3124.35,60.0,DESCENT
271.7,3479.84,-25.0,0.0,3125.7,60.0,DESCENT
271.8,3477.34,-25.0,0.0,3127.05,60.0,DESCENT
271.9,3474.84,-25.0,0.0,3128.4,60.0,DESCENT
272.0,3472.34,-25.0,0.0,3129.75,60.0,DESCENT
272.1,3469.84,-25.0,0.0,3131.1,60.0,DESCENT
272.2,3467.34,-25.0,0.0,3132.45,60.0,DESCENT
272.3,3464.84,-25.0,0.0,3133.8,60.0,DESCENT
272.4,3462.34,-25.0,0.0,3135.15,60.0,DESCENT
272.5,3459.84,-25.0,0.0,3136.5,60.0,DESCENT
272.6,3457.34,-25.0,0.0,3137.85,60.0,DESCENT
272.7,3454.84,-25.0,0.0,3139.2,60.0,DESCENT
272.8,3452.34,-25.0,0.0,3140.55,60.0,DESCENT
272.9,3449.84,-25.0,0.0,3141.9,60.0,DESCENT
273.0,3447.34,-25.0,0.0,3143.25,60.0,DESCENT
273.1,3444.84,-25.0,0.0,3144.6,60.0,DESCENT
273.2,3442.34,-25.0,0.0,3145.95,60.0,DESCENT
273.3,3439.84,-25.0,0.0,3147.3,60.0,DESCENT
273.4,3437.34,-25.0,0.0,3148.65,60.0,DESCENT
273.5,3434.84,-25.0,0.0,3150.0,60.0,DESCENT
273.6,3432.34,-25.0,0.0,3151.35,60.0,DESCENT
273.7,3429.84,-25.0,0.0,3152.7,60.0,DESCENT
273.8,3427.34,-25.0,0.0,3154.05,60.0,DESCENT
273.9,3424.84,-25.0,0.0,3155.4,60.0,DESCENT
274.0,3422.34,-25.0,0.0,3156.75,60.0,DESCENT
274.1,3419.84,-25.0,0.0,3158.1,60.0,DESCENT
274.2,3417.34,-25.0,0.0,3159.45,60.0,DESCENT
274.3,3414.84,-25.0,0.0,3160.8,60.0,DESCENT
274.4,3412.34,-25.0,0.0,3162.15,60.0,DESCENT
274.5,3409.84,-25.0,0.0,3163.5,60.0,DESCENT
274.6,3407.34,-25.0,0.0,3164.85,60.0,DESCENT
274.7,3404.84,-25.0,0.0,3166.2,60.0,DESCENT
274.8,3402.34,-25.0,0.0,3167.55,60.0,DESCENT
274.9,3399.84,-25.0,0.0,3168.9,60.0,DESCENT
275.0,3397.34,-25.0,0.0,3170.25,60.0,DESCENT
275.1,3394.84,-25.0,0.0,3171.6,60.0,DESCENT
275.2,3392.34,-25.0,0.0,3172.95,60.0,DESCENT
275.3,3389.84,-25.0,0.0,3174.3,60.0,DESCENT
275.4,3387.34,-25.0,0.0,3175.65,60.0,DESCENT
275.5,3384.84,-25.0,0.0,3177.0,60.0,DESCENT
275.6,3382.34,-25.0,0.0,3178.35,60.0,DESCENT
275.7,3379.84,-25.0,0.0,3179.7,60.0,DESCENT
275.8,3377.34,-25.0,0.0,3181.05,60.0,DESCENT
275.9,3374.84,-25.0,0.0,3182.4,60.0,DESCENT
276.0,3372.34,-25.0,0.0,3183.75,60.0,DESCENT
276.1,3369.84,-25.0,0.0,3185.1,60.0,DESCENT
276.2,3367.34,-25.0,0.0,3186.45,60.0,DESCENT
276.3,3364.84,-25.0,0.0,3187.8,60.0,DESCENT
276.4,3362.34,-25.0,0.0,3189.15,60.0,DESCENT
276.5,3359.84,-25.0,0.0,3190.5,60.0,DESCENT
276.6,3357.34,-25.0,0.0,3191.85,60.0,DESCENT
276.7,3354.84,-25.0,0.0,3193.2,60.0,DESCENT
276.8,3352.34,-25.0,0.0,3194.55,60.0,DESCENT
276.9,3349.84,-25.0,0.0,3195.9,60.0,DESCENT
277.0,3347.34,-25.0,0.0,3197.25,60.0,DESCENT
277.1,3344.84,-25.0,0.0,3198.6,60.0,DESCENT
277.2,3342.34,-25.0,0.0,3199.95,60.0,DESCENT
277.3,3339.84,-25.0,0.0,3201.3,60.0,DESCENT
277.4,3337.34,-25.0,0.0,3202.65,60.0,DESCENT
277.5,3334.84,-25.0,0.0,3204.0,60.0,DESCENT
277.6,3332.34,-25.0,0.0,3205.35,60.0,DESCENT
277.7,3329.84,-25.0,0.0,3206.7,60.0,DESCENT
277.8,3327.34,-25.0,0.0,3208.05,60.0,DESCENT
277.9,3324.84,-25.0,0.0,3209.4,60.0,DESCENT
278.0,3322.34,-25.0,0.0,3210.75,60.0,DESCENT
278.1,3319.84,-25.0,0.0,3212.1,60.0,DESCENT
278.2,3317.34,-25.0,0.0,3213.45,60.0,DESCENT
278.3,3314.84,-25.0,0.0,3214.8,60.0,DESCENT
278.4,3312.34,-25.0,0.0,3216.15,60.0,DESCENT
278.5,3309.84,-25.0,0.0,3217.5,60.0,DESCENT
278.6,3307.34,-25.0,0.0,3218.85,60.0,DESCENT
278.7,3304.84,-25.0,0.0,3220.2,60.0,DESCENT
278.8,3302.34,-25.0,0.0,3221.55,60.0,DESCENT
278.9,3299.84,-25.0,0.0,3222.9,60.0,DESCENT
279.0,3297.34,-25.0,0.0,3224.25,60.0,DESCENT
279.1,3294.84,-25.0,0.0,3225.6,60.0,DESCENT
279.2,3292.34,-25.0,0.0,3226.95,60.0,DESCENT
279.3,3289.84,-25.0,0.0,3228.3,60.0,DESCENT
279.4,3287.34,-25.0,0.0,3229.65,60.0,DESCENT
279.5,3284.84,-25.0,0.0,3231.0,60.0,DESCENT
279.6,3282.34,-25.0,0.0,3232.35,60.0,DESCENT
279.7,3279.84,-25.0,0.0,3233.7,60.0,DESCENT
279.8,3277.34,-25.0,0.0,3235.05,60.0,DESCENT
279.9,3274.84,-25.0,0.0,3236.4,60.0,DESCENT
280.0,3272.34,-25.0,0.0,3237.75,60.0,DESCENT
280.1,3269.84,-25.0,0.0,3239.1,60.0,DESCENT
280.2,3267.34,-25.0,0.0,3240.45,60.0,DESCENT
280.3,3264.84,-25.0,0.0,3241.8,60.0,DESCENT
280.4,3262.34,-25.0,0.0,3243.15,60.0,DESCENT
280.5,3259.84,-25.0,0.0,3244.5,60.0,DESCENT
280.6,3257.34,-25.0,0.0,3245.85,60.0,DESCENT
280.7,3254.84,-25.0,0.0,3247.2,60.0,DESCENT
280.8,3252.34,-25.0,0.0,3248.55,60.0,DESCENT
280.9,3249.84,-25.0,0.0,3249.9,60.0,DESCENT
281.0,3247.34,-25.0,0.0,3251.25,60.0,DESCENT
281.1,3244.84,-25.0,0.0,3252.6,60.0,DESCENT
281.2,3242.34,-25.0,0.0,3253.95,60.0,DESCENT
281.3,3239.84,-25.0,0.0,3255.3,60.0,DESCENT
281.4,3237.34,-25.0,0.0,3256.65,60.0,DESCENT
281.5,3234.84,-25.0,0.0,3258.0,60.0,DESCENT
281.6,3232.34,-25.0,0.0,3259.35,60.0,DESCENT
281.7,3229.84,-25.0,0.0,3260.7,60.0,DESCENT
281.8,3227.34,-25.0,0.0,3262.05,60.0,DESCENT
281.9,3224.84,-25.0,0.0,3263.4,60.0,DESCENT
282.0,3222.34,-25.0,0.0,3264.75,60.0,DESCENT
282.1,3219.84,-25.0,0.0,3266.1,60.0,DESCENT
282.2,3217.34,-25.0,0.0,3267.45,60.0,DESCENT
282.3,3214.84,-25.0,0.0,3268.8,60.0,DESCENT
282.4,3212.34,-25.0,0.0,3270.15,60.0,DESCENT
282.5,3209.84,-25.0,0.0,3271.5,60.0,DESCENT
282.6,3207.34,-25.0,0.0,3272.85,60.0,DESCENT
282.7,3204.84,-25.0,0.0,3274.2,60.0,DESCENT
282.8,3202.34,-25.0,0.0,3275.55,60.0,DESCENT
282.9,3199.84,-25.0,0.0,3276.9,60.0,DESCENT
283.0,3197.34,-25.0,0.0,3278.25,60.0,DESCENT
283.1,3194.84,-25.0,0.0,3279.6,60.0,DESCENT
283.2,3192.34,-25.0,0.0,3280.95,60.0,DESCENT
283.3,3189.84,-25.0,0.0,3282.3,60.0,DESCENT
283.4,3187.34,-25.0,0.0,3283.65,60.0,DESCENT
283.5,3184.84,-25.0,0.0,3285.0,60.0,DESCENT
283.6,3182.34,-25.0,0.0,3286.35,60.0,DESCENT
283.7,3179.84,-25.0,0.0,3287.7,60.0,DESCENT
283.8,3177.34,-25.0,0.0,3289.05,60.0,DESCENT
283.9,3174.84,-25.0,0.0,3290.4,60.0,DESCENT
284.0,3172.34,-25.0,0.0,3291.75,60.0,DESCENT
284.1,3169.84,-25.0,0.0,3293.1,60.0,DESCENT
284.2,3167.34,-25.0,0.0,3294.45,60.0,DESCENT
284.3,3164.84,-25.0,0.0,3295.8,60.0,DESCENT
284.4,3162.34,-25.0,0.0,3297.15,60.0,DESCENT
284.5,3159.84,-25.0,0.0,3298.5,60.0,DESCENT
284.6,3157.34,-25.0,0.0,3299.85,60.0,DESCENT
284.7,3154.84,-25.0,0.0,3301.2,60.0,DESCENT
284.8,3152.34,-25.0,0.0,3302.55,60.0,DESCENT
284.9,3149.84,-25.0,0.0,3303.9,60.0,DESCENT
285.0,3147.34,-25.0,0.0,3305.25,60.0,DESCENT
285.1,3144.84,-25.0,0.0,3306.6,60.0,DESCENT
285.2,3142.34,-25.0,0.0,3307.95,60.0,DESCENT
285.3,3139.84,-25.0,0.0,3309.3,60.0,DESCENT
285.4,3137.34,-25.0,0.0,3310.65,60.0,DESCENT
285.5,3134.84,-25.0,0.0,3312.0,60.0,DESCENT
285.6,3132.34,-25.0,0.0,3313.35,60.0,DESCENT
285.7,3129.84,-25.0,0.0,3314.7,60.0,DESCENT
285.8,3127.34,-25.0,0.0,3316.05,60.0,DESCENT
285.9,3124.84,-25.0,0.0,3317.4,60.0,DESCENT
286.0,3122.34,-25.0,0.0,3318.75,60.0,DESCENT
286.1,3119.84,-25.0,0.0,3320.1,60.0,DESCENT
286.2,3117.34,-25.0,0.0,3321.45,60.0,DESCENT
286.3,3114.84,-25.0,0.0,3322.8,60.0,DESCENT
286.4,3112.34,-25.0,0.0,3324.15,60.0,DESCENT
286.5,3109.84,-25.0,0.0,3325.5,60.0,DESCENT
286.6,3107.34,-25.0,0.0,3326.85,60.0,DESCENT
286.7,3104.84,-25.0,0.0,3328.2,60.0,DESCENT
286.8,3102.34,-25.0,0.0,3329.55,60.0,DESCENT
286.9,3099.84,-25.0,0.0,3330.9,60.0,DESCENT
287.0,3097.34,-25.0,0.0,3332.25,60.0,DESCENT
287.1,3094.84,-25.0,0.0,3333.6,60.0,DESCENT
287.2,3092.34,-25.0,0.0,3334.95,60.0,DESCENT
287.3,3089.84,-25.0,0.0,3336.3,60.0,DESCENT
287.4,3087.34,-25.0,0.0,3337.65,60.0,DESCENT
287.5,3084.84,-25.0,0.0,3339.0,60.0,DESCENT
287.6,3082.34,-25.0,0.0,3340.35,60.0,DESCENT
287.7,3079.84,-25.0,0.0,3341.7,60.0,DESCENT
287.8,3077.34,-25.0,0.0,3343.05,60.0,DESCENT
287.9,3074.84,-25.0,0.0,3344.4,60.0,DESCENT
288.0,3072.34,-25.0,0.0,3345.75,60.0,DESCENT
288.1,3069.84,-25.0,0.0,3347.1,60.0,DESCENT
288.2,3067.34,-25.0,0.0,3348.45,60.0,DESCENT
288.3,3064.84,-25.0,0.0,3349.8,60.0,DESCENT
288.4,3062.34,-25.0,0.0,3351.15,60.0,DESCENT
288.5,3059.84,-25.0,0.0,3352.5,60.0,DESCENT
288.6,3057.34,-25.0,0.0,3353.85,60.0,DESCENT
288.7,3054.84,-25.0,0.0,3355.2,60.0,DESCENT
288.8,3052.34,-25.0,0.0,3356.55,60.0,DESCENT
288.9,3049.84,-25.0,0.0,3357.9,60.0,DESCENT
289.0,3047.34,-25.0,0.0,3359.25,60.0,DESCENT
289.1,3044.84,-25.0,0.0,3360.6,60.0,DESCENT
289.2,3042.34,-25.0,0.0,3361.95,60.0,DESCENT
289.3,3039.84,-25.0,0.0,3363.3,60.0,DESCENT
289.4,3037.34,-25.0,0.0,3364.65,60.0,DESCENT
289.5,3034.84,-25.0,0.0,3366.0,60.0,DESCENT
289.6,3032.34,-25.0,0.0,3367.35,60.0,DESCENT
289.7,3029.84,-25.0,0.0,3368.7,60.0,DESCENT
289.8,3027.34,-25.0,0.0,3370.05,60.0,DESCENT
289.9,3024.84,-25.0,0.0,3371.4,60.0,DESCENT
290.0,3022.34,-25.0,0.0,3372.75,60.0,DESCENT
290.1,3019.84,-25.0,0.0,3374.1,60.0,DESCENT
290.2,3017.34,-25.0,0.0,3375.45,60.0,DESCENT
290.3,3014.84,-25.0,0.0,3376.8,60.0,DESCENT
290.4,3012.34,-25.0,0.0,3378.15,60.0,DESCENT
290.5,3009.84,-25.0,0.0,3379.5,60.0,DESCENT
290.6,3007.34,-25.0,0.0,3380.85,60.0,DESCENT
290.7,3004.84,-25.0,0.0,3382.2,60.0,DESCENT
290.8,3002.34,-25.0,0.0,3383.55,60.0,DESCENT
290.9,2999.84,-25.0,0.0,3384.9,60.0,DESCENT
291.0,2997.34,-25.0,0.0,3386.25,60.0,DESCENT
291.1,2994.84,-25.0,0.0,3387.6,60.0,DESCENT
291.2,2992.34,-25.0,0.0,3388.95,60.0,DESCENT
291.3,2989.84,-25.0,0.0,3390.3,60.0,DESCENT
291.4,2987.34,-25.0,0.0,3391.65,60.0,DESCENT
291.5,2984.84,-25.0,0.0,3393.0,60.0,DESCENT
291.6,2982.34,-25.0,0.0,3394.35,60.0,DESCENT
291.7,2979.84,-25.0,0.0,3395.7,60.0,DESCENT
291.8,2977.34,-25.0,0.0,3397.05,60.0,DESCENT
291.9,2974.84,-25.0,0.0,3398.4,60.0,DESCENT
292.0,2972.34,-25.0,0.0,3399.75,60.0,DESCENT
292.1,2969.84,-25.0,0.0,3401.1,60.0,DESCENT
292.2,2967.34,-25.0,0.0,3402.45,60.0,DESCENT
292.3,2964.84,-25.0,0.0,3403.8,60.0,DESCENT
292.4,2962.34,-25.0,0.0,3405.15,60.0,DESCENT
292.5,2959.84,-25.0,0.0,3406.5,60.0,DESCENT
292.6,2957.34,-25.0,0.0,3407.85,60.0,DESCENT
292.7,2954.84,-25.0,0.0,3409.2,60.0,DESCENT
292.8,2952.34,-25.0,0.0,3410.55,60.0,DESCENT
292.9,2949.84,-25.0,0.0,3411.9,60.0,DESCENT
293.0,2947.34,-25.0,0.0,3413.25,60.0,DESCENT
293.1,2944.84,-25.0,0.0,3414.6,60.0,DESCENT
293.2,2942.34,-25.0,0.0,3415.95,60.0,DESCENT
293.3,2939.84,-25.0,0.0,3417.3,60.0,DESCENT
293.4,2937.34,-25.0,0.0,3418.65,60.0,DESCENT
293.5,2934.84,-25.0,0.0,3420.0,60.0,DESCENT
293.6,2932.34,-25.0,0.0,3421.35,60.0,DESCENT
293.7,2929.84,-25.0,0.0,3422.7,60.0,DESCENT
293.8,2927.34,-25.0,0.0,3424.05,60.0,DESCENT
293.9,2924.84,-25.0,0.0,3425.4,60.0,DESCENT
294.0,2922.34,-25.0,0.0,3426.75,60.0,DESCENT
294.1,2919.84,-25.0,0.0,3428.1,60.0,DESCENT
294.2,2917.34,-25.0,0.0,3429.45,60.0,DESCENT
294.3,2914.84,-25.0,0.0,3430.8,60.0,DESCENT
294.4,2912.34,-25.0,0.0,3432.15,60.0,DESCENT
294.5,2909.84,-25.0,0.0,3433.5,60.0,DESCENT
294.6,2907.34,-25.0,0.0,3434.85,60.0,DESCENT
294.7,2904.84,-25.0,0.0,3436.2,60.0,DESCENT
294.8,2902.34,-25.0,0.0,3437.55,60.0,DESCENT
294.9,2899.84,-25.0,0.0,3438.9,60.0,DESCENT
295.0,2897.34,-25.0,0.0,3440.25,60.0,DESCENT
295.1,2894.84,-25.0,0.0,3441.6,60.0,DESCENT
295.2,2892.34,-25.0,0.0,3442.95,60.0,DESCENT
295.3,2889.84,-25.0,0.0,3444.3,60.0,DESCENT
295.4,2887.34,-25.0,0.0,3445.65,60.0,DESCENT
295.5,2884.84,-25.0,0.0,3447.0,60.0,DESCENT
295.6,2882.34,-25.0,0.0,3448.35,60.0,DESCENT
295.7,2879.84,-25.0,0.0,3449.7,60.0,DESCENT
295.8,2877.34,-25.0,0.0,3451.05,60.0,DESCENT
295.9,2874.84,-25.0,0.0,3452.4,60.0,DESCENT
296.0,2872.34,-25.0,0.0,3453.75,60.0,DESCENT
296.1,2869.84,-25.0,0.0,3455.1,60.0,DESCENT
296.2,2867.34,-25.0,0.0,3456.45,60.0,DESCENT
296.3,2864.84,-25.0,0.0,3457.8,60.0,DESCENT
296.4,2862.34,-25.0,0.0,3459.15,60.0,DESCENT
296.5,2859.84,-25.0,0.0,3460.5,60.0,DESCENT
296.6,2857.34,-25.0,0.0,3461.85,60.0,DESCENT
296.7,2854.84,-25.0,0.0,3463.2,60.0,DESCENT
296.8,2852.34,-25.0,0.0,3464.55,60.0,DESCENT
296.9,2849.84,-25.0,0.0,3465.9,60.0,DESCENT
297.0,2847.34,-25.0,0.0,3467.25,60.0,DESCENT
297.1,2844.84,-25.0,0.0,3468.6,60.0,DESCENT
297.2,2842.34,-25.0,0.0,3469.95,60.0,DESCENT
297.3,2839.84,-25.0,0.0,3471.3,60.0,DESCENT
297.4,2837.34,-25.0,0.0,3472.65,60.0,DESCENT
297.5,2834.84,-25.0,0.0,3474.0,60.0,DESCENT
297.6,2832.34,-25.0,0.0,3475.35,60.0,DESCENT
297.7,2829.84,-25.0,0.0,3476.7,60.0,DESCENT
297.8,2827.34,-25.0,0.0,3478.05,60.0,DESCENT
297.9,2824.84,-25.0,0.0,3479.4,60.0,DESCENT
298.0,2822.34,-25.0,0.0,3480.75,60.0,DESCENT
298.1,2819.84,-25.0,0.0,3482.1,60.0,DESCENT
298.2,2817.34,-25.0,0.0,3483.45,60.0,DESCENT
298.3,2814.84,-25.0,0.0,3484.8,60.0,DESCENT
298.4,2812.34,-25.0,0.0,3486.15,60.0,DESCENT
298.5,2809.84,-25.0,0.0,3487.5,60.0,DESCENT
298.6,2807.34,-25.0,0.0,3488.85,60.0,DESCENT
298.7,2804.84,-25.0,0.0,3490.2,60.0,DESCENT
298.8,2802.34,-25.0,0.0,3491.55,60.0,DESCENT
298.9,2799.84,-25.0,0.0,3492.9,60.0,DESCENT
299.0,2797.34,-25.0,0.0,3494.25,60.0,DESCENT
299.1,2794.84,-25.0,0.0,3495.6,60.0,DESCENT
299.2,2792.34,-25.0,0.0,3496.95,60.0,DESCENT
299.3,2789.84,-25.0,0.0,3498.3,60.0,DESCENT
299.4,2787.34,-25.0,0.0,3499.65,60.0,DESCENT
299.5,2784.84,-25.0,0.0,3501.0,60.0,DESCENT
299.6,2782.34,-25.0,0.0,3502.35,60.0,DESCENT
299.7,2779.84,-25.0,0.0,3503.7,60.0,DESCENT
299.8,2777.34,-25.0,0.0,3505.05,60.0,DESCENT
299.9,2774.84,-25.0,0.0,3506.4,60.0,DESCENT
300.0,2772.34,-25.0,0.0,3507.75,60.0,DESCENT
300.1,2769.84,-25.0,0.0,3509.1,60.0,DESCENT
300.2,2767.34,-25.0,0.0,3510.45,60.0,DESCENT
300.3,2764.84,-25.0,0.0,3511.8,60.0,DESCENT
300.4,2762.34,-25.0,0.0,3513.15,60.0,DESCENT
300.5,2759.84,-25.0,0.0,3514.5,60.0,DESCENT
300.6,2757.34,-25.0,0.0,3515.85,60.0,DESCENT
300.7,2754.84,-25.0,0.0,3517.2,60.0,DESCENT
300.8,2752.34,-25.0,0.0,3518.55,60.0,DESCENT
300.9,2749.84,-25.0,0.0,3519.9,60.0,DESCENT
301.0,2747.34,-25.0,0.0,3521.25,60.0,DESCENT
301.1,2744.84,-25.0,0.0,3522.6,60.0,DESCENT
301.2,2742.34,-25.0,0.0,3523.95,60.0,DESCENT
301.3,2739.84,-25.0,0.0,3525.3,60.0,DESCENT
301.4,2737.34,-25.0,0.0,3526.65,60.0,DESCENT
301.5,2734.84,-25.0,0.0,3528.0,60.0,DESCENT
301.6,2732.34,-25.0,0.0,3529.35,60.0,DESCENT
301.7,2729.84,-25.0,0.0,3530.7,60.0,DESCENT
301.8,2727.34,-25.0,0.0,3532.05,60.0,DESCENT
301.9,2724.84,-25.0,0.0,3533.4,60.0,DESCENT
302.0,2722.34,-25.0,0.0,3534.75,60.0,DESCENT
302.1,2719.84,-25.0,0.0,3536.1,60.0,DESCENT
302.2,2717.34,-25.0,0.0,3537.45,60.0,DESCENT
302.3,2714.84,-25.0,0.0,3538.8,60.0,DESCENT
302.4,2712.34,-25.0,0.0,3540.15,60.0,DESCENT
302.5,2709.84,-25.0,0.0,3541.5,60.0,DESCENT
302.6,2707.34,-25.0,0.0,3542.85,60.0,DESCENT
302.7,2704.84,-25.0,0.0,3544.2,60.0,DESCENT
302.8,2702.34,-25.0,0.0,3545.55,60.0,DESCENT
302.9,2699.84,-25.0,0.0,3546.9,60.0,DESCENT
303.0,2697.34,-25.0,0.0,3548.25,60.0,DESCENT
303.1,2694.84,-25.0,0.0,3549.6,60.0,DESCENT
303.2,2692.34,-25.0,0.0,3550.95,60.0,DESCENT
303.3,2689.84,-25.0,0.0,3552.3,60.0,DESCENT
303.4,2687.34,-25.0,0.0,3553.65,60.0,DESCENT
303.5,2684.84,-25.0,0.0,3555.0,60.0,DESCENT
303.6,2682.34,-25.0,0.0,3556.35,60.0,DESCENT
303.7,2679.84,-25.0,0.0,3557.7,60.0,DESCENT
303.8,2677.34,-25.0,0.0,3559.05,60.0,DESCENT
303.9,2674.84,-25.0,0.0,3560.4,60.0,DESCENT
304.0,2672.34,-25.0,0.0,3561.75,60.0,DESCENT
304.1,2669.84,-25.0,0.0,3563.1,60.0,DESCENT
304.2,2667.34,-25.0,0.0,3564.45,60.0,DESCENT
304.3,2664.84,-25.0,0.0,3565.8,60.0,DESCENT
304.4,2662.34,-25.0,0.0,3567.15,60.0,DESCENT
304.5,2659.84,-25.0,0.0,3568.5,60.0,DESCENT
304.6,2657.34,-25.0,0.0,3569.85,60.0,DESCENT
304.7,2654.84,-25.0,0.0,3571.2,60.0,DESCENT
304.8,2652.34,-25.0,0.0,3572.55,60.0,DESCENT
304.9,2649.84,-25.0,0.0,3573.9,60.0,DESCENT
305.0,2647.34,-25.0,0.0,3575.25,60.0,DESCENT
305.1,2644.84,-25.0,0.0,3576.6,60.0,DESCENT
305.2,2642.34,-25.0,0.0,3577.95,60.0,DESCENT
305.3,2639.84,-25.0,0.0,3579.3,60.0,DESCENT
305.4,2637.34,-25.0,0.0,3580.65,60.0,DESCENT
305.5,2634.84,-25.0,0.0,3582.0,60.0,DESCENT
305.6,2632.34,-25.0,0.0,3583.35,60.0,DESCENT
305.7,2629.84,-25.0,0.0,3584.7,60.0,DESCENT
305.8,2627.34,-25.0,0.0,3586.05,60.0,DESCENT
305.9,2624.84,-25.0,0.0,3587.4,60.0,DESCENT
306.0,2622.34,-25.0,0.0,3588.75,60.0,DESCENT
306.1,2619.84,-25.0,0.0,3590.1,60.0,DESCENT
306.2,2617.34,-25.0,0.0,3591.45,60.0,DESCENT
306.3,2614.84,-25.0,0.0,3592.8,60.0,DESCENT
306.4,2612.34,-25.0,0.0,3594.15,60.0,DESCENT
306.5,2609.84,-25.0,0.0,3595.5,60.0,DESCENT
306.6,2607.34,-25.0,0.0,3596.85,60.0,DESCENT
306.7,2604.84,-25.0,0.0,3598.2,60.0,DESCENT
306.8,2602.34,-25.0,0.0,3599.55,60.0,DESCENT
306.9,2599.84,-25.0,0.0,3600.9,60.0,DESCENT
307.0,2597.34,-25.0,0.0,3602.25,60.0,DESCENT
307.1,2594.84,-25.0,0.0,3603.6,60.0,DESCENT
307.2,2592.34,-25.0,0.0,3604.95,60.0,DESCENT
307.3,2589.84,-25.0,0.0,3606.3,60.0,DESCENT
307.4,2587.34,-25.0,0.0,3607.65,60.0,DESCENT
307.5,2584.84,-25.0,0.0,3609.0,60.0,DESCENT
307.6,2582.34,-25.0,0.0,3610.35,60.0,DESCENT
307.7,2579.84,-25.0,0.0,3611.7,60.0,DESCENT
307.8,2577.34,-25.0,0.0,3613.05,60.0,DESCENT
307.9,2574.84,-25.0,0.0,3614.4,60.0,DESCENT
308.0,2572.34,-25.0,0.0,3615.75,60.0,DESCENT
308.1,2569.84,-25.0,0.0,3617.1,60.0,DESCENT
308.2,2567.34,-25.0,0.0,3618.45,60.0,DESCENT
308.3,2564.84,-25.0,0.0,3619.8,60.0,DESCENT
308.4,2562.34,-25.0,0.0,3621.15,60.0,DESCENT
308.5,2559.84,-25.0,0.0,3622.5,60.0,DESCENT
308.6,2557.34,-25.0,0.0,3623.85,60.0,DESCENT
308.7,2554.84,-25.0,0.0,3625.2,60.0,DESCENT
308.8,2552.34,-25.0,0.0,3626.55,60.0,DESCENT
308.9,2549.84,-25.0,0.0,3627.9,60.0,DESCENT
309.0,2547.34,-25.0,0.0,3629.25,60.0,DESCENT
309.1,2544.84,-25.0,0.0,3630.6,60.0,DESCENT
309.2,2542.34,-25.0,0.0,3631.95,60.0,DESCENT
309.3,2539.84,-25.0,0.0,3633.3,60.0,DESCENT
309.4,2537.34,-25.0,0.0,3634.65,60.0,DESCENT
309.5,2534.84,-25.0,0.0,3636.0,60.0,DESCENT
309.6,2532.34,-25.0,0.0,3637.35,60.0,DESCENT
309.7,2529.84,-25.0,0.0,3638.7,60.0,DESCENT
309.8,2527.34,-25.0,0.0,3640.05,60.0,DESCENT
309.9,2524.84,-25.0,0.0,3641.4,60.0,DESCENT
310.0,2522.34,-25.0,0.0,3642.75,60.0,DESCENT
310.1,2519.84,-25.0,0.0,3644.1,60.0,DESCENT
310.2,2517.34,-25.0,0.0,3645.45,60.0,DESCENT
310.3,2514.84,-25.0,0.0,3646.8,60.0,DESCENT
310.4,2512.34,-25.0,0.0,3648.15,60.0,DESCENT
310.5,2509.84,-25.0,0.0,3649.5,60.0,DESCENT
310.6,2507.34,-25.0,0.0,3650.85,60.0,DESCENT
310.7,2504.84,-25.0,0.0,3652.2,60.0,DESCENT
310.8,2502.34,-25.0,0.0,3653.55,60.0,DESCENT
310.9,2499.84,-25.0,0.0,3654.9,60.0,DESCENT
311.0,2497.34,-25.0,0.0,3656.25,60.0,DESCENT
311.1,2494.84,-25.0,0.0,3657.6,60.0,DESCENT
311.2,2492.34,-25.0,0.0,3658.95,60.0,DESCENT
311.3,2489.84,-25.0,0.0,3660.3,60.0,DESCENT
311.4,2487.34,-25.0,0.0,3661.65,60.0,DESCENT
311.5,2484.84,-25.0,0.0,3663.0,60.0,DESCENT
311.6,2482.34,-25.0,0.0,3664.35,60.0,DESCENT
311.7,2479.84,-25.0,0.0,3665.7,60.0,DESCENT
311.8,2477.34,-25.0,0.0,3667.05,60.0,DESCENT
311.9,2474.84,-25.0,0.0,3668.4,60.0,DESCENT
312.0,2472.34,-25.0,0.0,3669.75,60.0,DESCENT
312.1,2469.84,-25.0,0.0,3671.1,60.0,DESCENT
312.2,2467.34,-25.0,0.0,3672.45,60.0,DESCENT
312.3,2464.84,-25.0,0.0,3673.8,60.0,DESCENT
312.4,2462.34,-25.0,0.0,3675.15,60.0,DESCENT
312.5,2459.84,-25.0,0.0,3676.5,60.0,DESCENT
312.6,2457.34,-25.0,0.0,3677.85,60.0,DESCENT
312.7,2454.84,-25.0,0.0,3679.2,60.0,DESCENT
312.8,2452.34,-25.0,0.0,3680.55,60.0,DESCENT
312.9,2449.84,-25.0,0.0,3681.9,60.0,DESCENT
313.0,2447.34,-25.0,0.0,3683.25,60.0,DESCENT
313.1,2444.84,-25.0,0.0,3684.6,60.0,DESCENT
313.2,2442.34,-25.0,0.0,3685.95,60.0,DESCENT
313.3,2439.84,-25.0,0.0,3687.3,60.0,DESCENT
313.4,2437.34,-25.0,0.0,3688.65,60.0,DESCENT
313.5,2434.84,-25.0,0.0,3690.0,60.0,DESCENT
313.6,2432.34,-25.0,0.0,3691.35,60.0,DESCENT
313.7,2429.84,-25.0,0.0,3692.7,60.0,DESCENT
313.8,2427.34,-25.0,0.0,3694.05,60.0,DESCENT
313.9,2424.84,-25.0,0.0,3695.4,60.0,DESCENT
314.0,2422.34,-25.0,0.0,3696.75,60.0,DESCENT
314.1,2419.84,-25.0,0.0,3698.1,60.0,DESCENT
314.2,2417.34,-25.0,0.0,3699.45,60.0,DESCENT
314.3,2414.84,-25.0,0.0,3700.8,60.0,DESCENT
314.4,2412.34,-25.0,0.0,3702.15,60.0,DESCENT
314.5,2409.84,-25.0,0.0,3703.5,60.0,DESCENT
314.6,2407.34,-25.0,0.0,3704.85,60.0,DESCENT
314.7,2404.84,-25.0,0.0,3706.2,60.0,DESCENT
314.8,2402.34,-25.0,0.0,3707.55,60.0,DESCENT
314.9,2399.84,-25.0,0.0,3708.9,60.0,DESCENT
315.0,2397.34,-25.0,0.0,3710.25,60.0,DESCENT
315.1,2394.84,-25.0,0.0,3711.6,60.0,DESCENT
315.2,2392.34,-25.0,0.0,3712.95,60.0,DESCENT
315.3,2389.84,-25.0,0.0,3714.3,60.0,DESCENT
315.4,2387.34,-25.0,0.0,3715.65,60.0,DESCENT
315.5,2384.84,-25.0,0.0,3717.0,60.0,DESCENT
315.6,2382.34,-25.0,0.0,3718.35,60.0,DESCENT
315.7,2379.84,-25.0,0.0,3719.7,60.0,DESCENT
315.8,2377.34,-25.0,0.0,3721.05,60.0,DESCENT
315.9,2374.84,-25.0,0.0,3722.4,60.0,DESCENT
316.0,2372.34,-25.0,0.0,3723.75,60.0,DESCENT
316.1,2369.84,-25.0,0.0,3725.1,60.0,DESCENT
316.2,2367.34,-25.0,0.0,3726.45,60.0,DESCENT
316.3,2364.84,-25.0,0.0,3727.8,60.0,DESCENT
316.4,2362.34,-25.0,0.0,3729.15,60.0,DESCENT
316.5,2359.84,-25.0,0.0,3730.5,60.0,DESCENT
316.6,2357.34,-25.0,0.0,3731.85,60.0,DESCENT
316.7,2354.84,-25.0,0.0,3733.2,60.0,DESCENT
316.8,2352.34,-25.0,0.0,3734.55,60.0,DESCENT
316.9,2349.84,-25.0,0.0,3735.9,60.0,DESCENT
317.0,2347.34,-25.0,0.0,3737.25,60.0,DESCENT
317.1,2344.84,-25.0,0.0,3738.6,60.0,DESCENT
317.2,2342.34,-25.0,0.0,3739.95,60.0,DESCENT
317.3,2339.84,-25.0,0.0,3741.3,60.0,DESCENT
317.4,2337.34,-25.0,0.0,3742.65,60.0,DESCENT
317.5,2334.84,-25.0,0.0,3744.0,60.0,DESCENT
317.6,2332.34,-25.0,0.0,3745.35,60.0,DESCENT
317.7,2329.84,-25.0,0.0,3746.7,60.0,DESCENT
317.8,2327.34,-25.0,0.0,3748.05,60.0,DESCENT
317.9,2324.84,-25.0,0.0,3749.4,60.0,DESCENT
318.0,2322.34,-25.0,0.0,3750.75,60.0,DESCENT
318.1,2319.84,-25.0,0.0,3752.1,60.0,DESCENT
318.2,2317.34,-25.0,0.0,3753.45,60.0,DESCENT
318.3,2314.84,-25.0,0.0,3754.8,60.0,DESCENT
318.4,2312.34,-25.0,0.0,3756.15,60.0,DESCENT
318.5,2309.84,-25.0,0.0,3757.5,60.0,DESCENT
318.6,2307.34,-25.0,0.0,3758.85,60.0,DESCENT
318.7,2304.84,-25.0,0.0,3760.2,60.0,DESCENT
318.8,2302.34,-25.0,0.0,3761.55,60.0,DESCENT
318.9,2299.84,-25.0,0.0,3762.9,60.0,DESCENT
319.0,2297.34,-25.0,0.0,3764.25,60.0,DESCENT
319.1,2294.84,-25.0,0.0,3765.6,60.0,DESCENT
319.2,2292.34,-25.0,0.0,3766.95,60.0,DESCENT
319.3,2289.84,-25.0,0.0,3768.3,60.0,DESCENT
319.4,2287.34,-25.0,0.0,3769.65,60.0,DESCENT
319.5,2284.84,-25.0,0.0,3771.0,60.0,DESCENT
319.6,2282.34,-25.0,0.0,3772.35,60.0,DESCENT
319.7,2279.84,-25.0,0.0,3773.7,60.0,DESCENT
319.8,2277.34,-25.0,0.0,3775.05,60.0,DESCENT
319.9,2274.84,-25.0,0.0,3776.4,60.0,DESCENT
320.0,2272.34,-25.0,0.0,3777.75,60.0,DESCENT
320.1,2269.84,-25.0,0.0,3779.1,60.0,DESCENT
320.2,2267.34,-25.0,0.0,3780.45,60.0,DESCENT
320.3,2264.84,-25.0,0.0,3781.8,60.0,DESCENT
320.4,2262.34,-25.0,0.0,3783.15,60.0,DESCENT
320.5,2259.84,-25.0,0.0,3784.5,60.0,DESCENT
320.6,2257.34,-25.0,0.0,3785.85,60.0,DESCENT
320.7,2254.84,-25.0,0.0,3787.2,60.0,DESCENT
320.8,2252.34,-25.0,0.0,3788.55,60.0,DESCENT
320.9,2249.84,-25.0,0.0,3789.9,60.0,DESCENT
321.0,2247.34,-25.0,0.0,3791.25,60.0,DESCENT
321.1,2244.84,-25.0,0.0,3792.6,60.0,DESCENT
321.2,2242.34,-25.0,0.0,3793.95,60.0,DESCENT
321.3,2239.84,-25.0,0.0,3795.3,60.0,DESCENT
321.4,2237.34,-25.0,0.0,3796.65,60.0,DESCENT
321.5,2234.84,-25.0,0.0,3798.0,60.0,DESCENT
321.6,2232.34,-25.0,0.0,3799.35,60.0,DESCENT
321.7,2229.84,-25.0,0.0,3800.7,60.0,DESCENT
321.8,2227.34,-25.0,0.0,3802.05,60.0,DESCENT
321.9,2224.84,-25.0,0.0,3803.4,60.0,DESCENT
322.0,2222.34,-25.0,0.0,3804.75,60.0,DESCENT
322.1,2219.84,-25.0,0.0,3806.1,60.0,DESCENT
322.2,2217.34,-25.0,0.0,3807.45,60.0,DESCENT
322.3,2214.84,-25.0,0.0,3808.8,60.0,DESCENT
322.4,2212.34,-25.0,0.0,3810.15,60.0,DESCENT
322.5,2209.84,-25.0,0.0,3811.5,60.0,DESCENT
322.6,2207.34,-25.0,0.0,3812.85,60.0,DESCENT
322.7,2204.84,-25.0,0.0,3814.2,60.0,DESCENT
322.8,2202.34,-25.0,0.0,3815.55,60.0,DESCENT
322.9,2199.84,-25.0,0.0,3816.9,60.0,DESCENT
323.0,2197.34,-25.0,0.0,3818.25,60.0,DESCENT
323.1,2194.84,-25.0,0.0,3819.6,60.0,DESCENT
323.2,2192.34,-25.0,0.0,3820.95,60.0,DESCENT
323.3,2189.84,-25.0,0.0,3822.3,60.0,DESCENT
323.4,2187.34,-25.0,0.0,3823.65,60.0,DESCENT
323.5,2184.84,-25.0,0.0,3825.0,60.0,DESCENT
323.6,2182.34,-25.0,0.0,3826.35,60.0,DESCENT
323.7,2179.84,-25.0,0.0,3827.7,60.0,DESCENT
323.8,2177.34,-25.0,0.0,3829.05,60.0,DESCENT
323.9,2174.84,-25.0,0.0,3830.4,60.0,DESCENT
324.0,2172.34,-25.0,0.0,3831.75,60.0,DESCENT
324.1,2169.84,-25.0,0.0,3833.1,60.0,DESCENT
324.2,2167.34,-25.0,0.0,3834.45,60.0,DESCENT
324.3,2164.84,-25.0,0.0,3835.8,60.0,DESCENT
324.4,2162.34,-25.0,0.0,3837.15,60.0,DESCENT
324.5,2159.84,-25.0,0.0,3838.5,60.0,DESCENT
324.6,2157.34,-25.0,0.0,3839.85,60.0,DESCENT
324.7,2154.84,-25.0,0.0,3841.2,60.0,DESCENT
324.8,2152.34,-25.0,0.0,3842.55,60.0,DESCENT
324.9,2149.84,-25.0,0.0,3843.9,60.0,DESCENT
325.0,2147.34,-25.0,0.0,3845.25,60.0,DESCENT
325.1,2144.84,-25.0,0.0,3846.6,60.0,DESCENT
325.2,2142.34,-25.0,0.0,3847.95,60.0,DESCENT
325.3,2139.84,-25.0,0.0,3849.3,60.0,DESCENT
325.4,2137.34,-25.0,0.0,3850.65,60.0,DESCENT
325.5,2134.84,-25.0,0.0,3852.0,60.0,DESCENT
325.6,2132.34,-25.0,0.0,3853.35,60.0,DESCENT
325.7,2129.84,-25.0,0.0,3854.7,60.0,DESCENT
325.8,2127.34,-25.0,0.0,3856.05,60.0,DESCENT
325.9,2124.84,-25.0,0.0,3857.4,60.0,DESCENT
326.0,2122.34,-25.0,0.0,3858.75,60.0,DESCENT
326.1,2119.84,-25.0,0.0,3860.1,60.0,DESCENT
326.2,2117.34,-25.0,0.0,3861.45,60.0,DESCENT
326.3,2114.84,-25.0,0.0,3862.8,60.0,DESCENT
326.4,2112.34,-25.0,0.0,3864.15,60.0,DESCENT
326.5,2109.84,-25.0,0.0,3865.5,60.0,DESCENT
326.6,2107.34,-25.0,0.0,3866.85,60.0,DESCENT
326.7,2104.84,-25.0,0.0,3868.2,60.0,DESCENT
326.8,2102.34,-25.0,0.0,3869.55,60.0,DESCENT
326.9,2099.84,-25.0,0.0,3870.9,60.0,DESCENT
327.0,2097.34,-25.0,0.0,3872.25,60.0,DESCENT
327.1,2094.84,-25.0,0.0,3873.6,60.0,DESCENT
327.2,2092.34,-25.0,0.0,3874.95,60.0,DESCENT
327.3,2089.84,-25.0,0.0,3876.3,60.0,DESCENT
327.4,2087.34,-25.0,0.0,3877.65,60.0,DESCENT
327.5,2084.84,-25.0,0.0,3879.0,60.0,DESCENT
327.6,2082.34,-25.0,0.0,3880.35,60.0,DESCENT
327.7,2079.84,-25.0,0.0,3881.7,60.0,DESCENT
327.8,2077.34,-25.0,0.0,3883.05,60.0,DESCENT
327.9,2074.84,-25.0,0.0,3884.4,60.0,DESCENT
328.0,2072.34,-25.0,0.0,3885.75,60.0,DESCENT
328.1,2069.84,-25.0,0.0,3887.1,60.0,DESCENT
328.2,2067.34,-25.0,0.0,3888.45,60.0,DESCENT
328.3,2064.84,-25.0,0.0,3889.8,60.0,DESCENT
328.4,2062.34,-25.0,0.0,3891.15,60.0,DESCENT
328.5,2059.84,-25.0,0.0,3892.5,60.0,DESCENT
328.6,2057.34,-25.0,0.0,3893.85,60.0,DESCENT
328.7,2054.84,-25.0,0.0,3895.2,60.0,DESCENT
328.8,2052.34,-25.0,0.0,3896.55,60.0,DESCENT
328.9,2049.84,-25.0,0.0,3897.9,60.0,DESCENT
329.0,2047.34,-25.0,0.0,3899.25,60.0,DESCENT
329.1,2044.84,-25.0,0.0,3900.6,60.0,DESCENT
329.2,2042.34,-25.0,0.0,3901.95,60.0,DESCENT
329.3,2039.84,-25.0,0.0,3903.3,60.0,DESCENT
329.4,2037.34,-25.0,0.0,3904.65,60.0,DESCENT
329.5,2034.84,-25.0,0.0,3906.0,60.0,DESCENT
329.6,2032.34,-25.0,0.0,3907.35,60.0,DESCENT
329.7,2029.84,-25.0,0.0,3908.7,60.0,DESCENT
329.8,2027.34,-25.0,0.0,3910.05,60.0,DESCENT
329.9,2024.84,-25.0,0.0,3911.4,60.0,DESCENT
330.0,2022.34,-25.0,0.0,3912.75,60.0,DESCENT
330.1,2019.84,-25.0,0.0,3914.1,60.0,DESCENT
330.2,2017.34,-25.0,0.0,3915.45,60.0,DESCENT
330.3,2014.84,-25.0,0.0,3916.8,60.0,DESCENT
330.4,2012.34,-25.0,0.0,3918.15,60.0,DESCENT
330.5,2009.84,-25.0,0.0,3919.5,60.0,DESCENT
330.6,2007.34,-25.0,0.0,3920.85,60.0,DESCENT
330.7,2004.84,-25.0,0.0,3922.2,60.0,DESCENT
330.8,2002.34,-25.0,0.0,3923.55,60.0,DESCENT
330.9,1999.84,-25.0,0.0,3924.9,60.0,DESCENT
331.0,1997.34,-25.0,0.0,3926.25,60.0,DESCENT
331.1,1994.84,-25.0,0.0,3927.6,60.0,DESCENT
331.2,1992.34,-25.0,0.0,3928.95,60.0,DESCENT
331.3,1989.84,-25.0,0.0,3930.3,60.0,DESCENT
331.4,1987.34,-25.0,0.0,3931.65,60.0,DESCENT
331.5,1984.84,-25.0,0.0,3933.0,60.0,DESCENT
331.6,1982.34,-25.0,0.0,3934.35,60.0,DESCENT
331.7,1979.84,-25.0,0.0,3935.7,60.0,DESCENT
331.8,1977.34,-25.0,0.0,3937.05,60.0,DESCENT
331.9,1974.84,-25.0,0.0,3938.4,60.0,DESCENT
332.0,1972.34,-25.0,0.0,3939.75,60.0,DESCENT
332.1,1969.84,-25.0,0.0,3941.1,60.0,DESCENT
332.2,1967.34,-25.0,0.0,3942.45,60.0,DESCENT
332.3,1964.84,-25.0,0.0,3943.8,60.0,DESCENT
332.4,1962.34,-25.0,0.0,3945.15,60.0,DESCENT
332.5,1959.84,-25.0,0.0,3946.5,60.0,DESCENT
332.6,1957.34,-25.0,0.0,3947.85,60.0,DESCENT
332.7,1954.84,-25.0,0.0,3949.2,60.0,DESCENT
332.8,1952.34,-25.0,0.0,3950.55,60.0,DESCENT
332.9,1949.84,-25.0,0.0,3951.9,60.0,DESCENT
333.0,1947.34,-25.0,0.0,3953.25,60.0,DESCENT
333.1,1944.84,-25.0,0.0,3954.6,60.0,DESCENT
333.2,1942.34,-25.0,0.0,3955.95,60.0,DESCENT
333.3,1939.84,-25.0,0.0,3957.3,60.0,DESCENT
333.4,1937.34,-25.0,0.0,3958.65,60.0,DESCENT
333.5,1934.84,-25.0,0.0,3960.0,60.0,DESCENT
333.6,1932.34,-25.0,0.0,3961.35,60.0,DESCENT
333.7,1929.84,-25.0,0.0,3962.7,60.0,DESCENT
333.8,1927.34,-25.0,0.0,3964.05,60.0,DESCENT
333.9,1924.84,-25.0,0.0,3965.4,60.0,DESCENT
334.0,1922.34,-25.0,0.0,3966.75,60.0,DESCENT
334.1,1919.84,-25.0,0.0,3968.1,60.0,DESCENT
334.2,1917.34,-25.0,0.0,3969.45,60.0,DESCENT
334.3,1914.84,-25.0,0.0,3970.8,60.0,DESCENT
334.4,1912.34,-25.0,0.0,3972.15,60.0,DESCENT
334.5,1909.84,-25.0,0.0,3973.5,60.0,DESCENT
334.6,1907.34,-25.0,0.0,3974.85,60.0,DESCENT
334.7,1904.84,-25.0,0.0,3976.2,60.0,DESCENT
334.8,1902.34,-25.0,0.0,3977.55,60.0,DESCENT
334.9,1899.84,-25.0,0.0,3978.9,60.0,DESCENT
335.0,1897.34,-25.0,0.0,3980.25,60.0,DESCENT
335.1,1894.84,-25.0,0.0,3981.6,60.0,DESCENT
335.2,1892.34,-25.0,0.0,3982.95,60.0,DESCENT
335.3,1889.84,-25.0,0.0,3984.3,60.0,DESCENT
335.4,1887.34,-25.0,0.0,3985.65,60.0,DESCENT
335.5,1884.84,-25.0,0.0,3987.0,60.0,DESCENT
335.6,1882.34,-25.0,0.0,3988.35,60.0,DESCENT
335.7,1879.84,-25.0,0.0,3989.7,60.0,DESCENT
335.8,1877.34,-25.0,0.0,3991.05,60.0,DESCENT
335.9,1874.84,-25.0,0.0,3992.4,60.0,DESCENT
336.0,1872.34,-25.0,0.0,3993.75,60.0,DESCENT
336.1,1869.84,-25.0,0.0,3995.1,60.0,DESCENT
336.2,1867.34,-25.0,0.0,3996.45,60.0,DESCENT
336.3,1864.84,-25.0,0.0,3997.8,60.0,DESCENT
336.4,1862.34,-25.0,0.0,3999.15,60.0,DESCENT
336.5,1859.84,-25.0,0.0,4000.5,60.0,DESCENT
336.6,1857.34,-25.0,0.0,4001.85,60.0,DESCENT
336.7,1854.84,-25.0,0.0,4003.2,60.0,DESCENT
336.8,1852.34,-25.0,0.0,4004.55,60.0,DESCENT
336.9,1849.84,-25.0,0.0,4005.9,60.0,DESCENT
337.0,1847.34,-25.0,0.0,4007.25,60.0,DESCENT
337.1,1844.84,-25.0,0.0,4008.6,60.0,DESCENT
337.2,1842.34,-25.0,0.0,4009.95,60.0,DESCENT
337.3,1839.84,-25.0,0.0,4011.3,60.0,DESCENT
337.4,1837.34,-25.0,0.0,4012.65,60.0,DESCENT
337.5,1834.84,-25.0,0.0,4014.0,60.0,DESCENT
337.6,1832.34,-25.0,0.0,4015.35,60.0,DESCENT
337.7,1829.84,-25.0,0.0,4016.7,60.0,DESCENT
337.8,1827.34,-25.0,0.0,4018.05,60.0,DESCENT
337.9,1824.84,-25.0,0.0,4019.4,60.0,DESCENT
338.0,1822.34,-25.0,0.0,4020.75,60.0,DESCENT
338.1,1819.84,-25.0,0.0,4022.1,60.0,DESCENT
338.2,1817.34,-25.0,0.0,4023.45,60.0,DESCENT
338.3,1814.84,-25.0,0.0,4024.8,60.0,DESCENT
338.4,1812.34,-25.0,0.0,4026.15,60.0,DESCENT
338.5,1809.84,-25.0,0.0,4027.5,60.0,DESCENT
338.6,1807.34,-25.0,0.0,4028.85,60.0,DESCENT
338.7,1804.84,-25.0,0.0,4030.2,60.0,DESCENT
338.8,1802.34,-25.0,0.0,4031.55,60.0,DESCENT
338.9,1799.84,-25.0,0.0,4032.9,60.0,DESCENT
339.0,1797.34,-25.0,0.0,4034.25,60.0,DESCENT
339.1,1794.84,-25.0,0.0,4035.6,60.0,DESCENT
339.2,1792.34,-25.0,0.0,4036.95,60.0,DESCENT
339.3,1789.84,-25.0,0.0,4038.3,60.0,DESCENT
339.4,1787.34,-25.0,0.0,4039.65,60.0,DESCENT
339.5,1784.84,-25.0,0.0,4041.0,60.0,DESCENT
339.6,1782.34,-25.0,0.0,4042.35,60.0,DESCENT
339.7,1779.84,-25.0,0.0,4043.7,60.0,DESCENT
339.8,1777.34,-25.0,0.0,4045.05,60.0,DESCENT
339.9,1774.84,-25.0,0.0,4046.4,60.0,DESCENT
340.0,1772.34,-25.0,0.0,4047.75,60.0,DESCENT
340.1,1769.84,-25.0,0.0,4049.1,60.0,DESCENT
340.2,1767.34,-25.0,0.0,4050.45,60.0,DESCENT
340.3,1764.84,-25.0,0.0,4051.8,60.0,DESCENT
340.4,1762.34,-25.0,0.0,4053.15,60.0,DESCENT
340.5,1759.84,-25.0,0.0,4054.5,60.0,DESCENT
340.6,1757.34,-25.0,0.0,4055.85,60.0,DESCENT
340.7,1754.84,-25.0,0.0,4057.2,60.0,DESCENT
340.8,1752.34,-25.0,0.0,4058.55,60.0,DESCENT
340.9,1749.84,-25.0,0.0,4059.9,60.0,DESCENT
341.0,1747.34,-25.0,0.0,4061.25,60.0,DESCENT
341.1,1744.84,-25.0,0.0,4062.6,60.0,DESCENT
341.2,1742.34,-25.0,0.0,4063.95,60.0,DESCENT
341.3,1739.84,-25.0,0.0,4065.3,60.0,DESCENT
341.4,1737.34,-25.0,0.0,4066.65,60.0,DESCENT
341.5,1734.84,-25.0,0.0,4068.0,60.0,DESCENT
341.6,1732.34,-25.0,0.0,4069.35,60.0,DESCENT
341.7,1729.84,-25.0,0.0,4070.7,60.0,DESCENT
341.8,1727.34,-25.0,0.0,4072.05,60.0,DESCENT
341.9,1724.84,-25.0,0.0,4073.4,60.0,DESCENT
342.0,1722.34,-25.0,0.0,4074.75,60.0,DESCENT
342.1,1719.84,-25.0,0.0,4076.1,60.0,DESCENT
342.2,1717.34,-25.0,0.0,4077.45,60.0,DESCENT
342.3,1714.84,-25.0,0.0,4078.8,60.0,DESCENT
342.4,1712.34,-25.0,0.0,4080.15,60.0,DESCENT
342.5,1709.84,-25.0,0.0,4081.5,60.0,DESCENT
342.6,1707.34,-25.0,0.0,4082.85,60.0,DESCENT
342.7,1704.84,-25.0,0.0,4084.2,60.0,DESCENT
342.8,1702.34,-25.0,0.0,4085.55,60.0,DESCENT
342.9,1699.84,-25.0,0.0,4086.9,60.0,DESCENT
343.0,1697.34,-25.0,0.0,4088.25,60.0,DESCENT
343.1,1694.84,-25.0,0.0,4089.6,60.0,DESCENT
343.2,1692.34,-25.0,0.0,4090.95,60.0,DESCENT
343.3,1689.84,-25.0,0.0,4092.3,60.0,DESCENT
343.4,1687.34,-25.0,0.0,4093.65,60.0,DESCENT
343.5,1684.84,-25.0,0.0,4095.0,60.0,DESCENT
343.6,1682.34,-25.0,0.0,4096.35,60.0,DESCENT
343.7,1679.84,-25.0,0.0,4097.7,60.0,DESCENT
343.8,1677.34,-25.0,0.0,4099.05,60.0,DESCENT
343.9,1674.84,-25.0,0.0,4100.4,60.0,DESCENT
344.0,1672.34,-25.0,0.0,4101.75,60.0,DESCENT
344.1,1669.84,-25.0,0.0,4103.1,60.0,DESCENT
344.2,1667.34,-25.0,0.0,4104.45,60.0,DESCENT
344.3,1664.84,-25.0,0.0,4105.8,60.0,DESCENT
344.4,1662.34,-25.0,0.0,4107.15,60.0,DESCENT
344.5,1659.84,-25.0,0.0,4108.5,60.0,DESCENT
344.6,1657.34,-25.0,0.0,4109.85,60.0,DESCENT
344.7,1654.84,-25.0,0.0,4111.2,60.0,DESCENT
344.8,1652.34,-25.0,0.0,4112.55,60.0,DESCENT
344.9,1649.84,-25.0,0.0,4113.9,60.0,DESCENT
345.0,1647.34,-25.0,0.0,4115.25,60.0,DESCENT
345.1,1644.84,-25.0,0.0,4116.6,60.0,DESCENT
345.2,1642.34,-25.0,0.0,4117.95,60.0,DESCENT
345.3,1639.84,-25.0,0.0,4119.3,60.0,DESCENT
345.4,1637.34,-25.0,0.0,4120.65,60.0,DESCENT
345.5,1634.84,-25.0,0.0,4122.0,60.0,DESCENT
345.6,1632.34,-25.0,0.0,4123.35,60.0,DESCENT
345.7,1629.84,-25.0,0.0,4124.7,60.0,DESCENT
345.8,1627.34,-25.0,0.0,4126.05,60.0,DESCENT
345.9,1624.84,-25.0,0.0,4127.4,60.0,DESCENT
346.0,1622.34,-25.0,0.0,4128.75,60.0,DESCENT
346.1,1619.84,-25.0,0.0,4130.1,60.0,DESCENT
346.2,1617.34,-25.0,0.0,4131.45,60.0,DESCENT
346.3,1614.84,-25.0,0.0,4132.8,60.0,DESCENT
346.4,1612.34,-25.0,0.0,4134.15,60.0,DESCENT
346.5,1609.84,-25.0,0.0,4135.5,60.0,DESCENT
346.6,1607.34,-25.0,0.0,4136.85,60.0,DESCENT
346.7,1604.84,-25.0,0.0,4138.2,60.0,DESCENT
346.8,1602.34,-25.0,0.0,4139.55,60.0,DESCENT
346.9,1599.84,-25.0,0.0,4140.9,60.0,DESCENT
347.0,1597.34,-25.0,0.0,4142.25,60.0,DESCENT
347.1,1594.84,-25.0,0.0,4143.6,60.0,DESCENT
347.2,1592.34,-25.0,0.0,4144.95,60.0,DESCENT
347.3,1589.84,-25.0,0.0,4146.3,60.0,DESCENT
347.4,1587.34,-25.0,0.0,4147.65,60.0,DESCENT
347.5,1584.84,-25.0,0.0,4149.0,60.0,DESCENT
347.6,1582.34,-25.0,0.0,4150.35,60.0,DESCENT
347.7,1579.84,-25.0,0.0,4151.7,60.0,DESCENT
347.8,1577.34,-25.0,0.0,4153.05,60.0,DESCENT
347.9,1574.84,-25.0,0.0,4154.4,60.0,DESCENT
348.0,1572.34,-25.0,0.0,4155.75,60.0,DESCENT
348.1,1569.84,-25.0,0.0,4157.1,60.0,DESCENT
348.2,1567.34,-25.0,0.0,4158.45,60.0,DESCENT
348.3,1564.84,-25.0,0.0,4159.8,60.0,DESCENT
348.4,1562.34,-25.0,0.0,4161.15,60.0,DESCENT
348.5,1559.84,-25.0,0.0,4162.5,60.0,DESCENT
348.6,1557.34,-25.0,0.0,4163.85,60.0,DESCENT
348.7,1554.84,-25.0,0.0,4165.2,60.0,DESCENT
348.8,1552.34,-25.0,0.0,4166.55,60.0,DESCENT
348.9,1549.84,-25.0,0.0,4167.9,60.0,DESCENT
349.0,1547.34,-25.0,0.0,4169.25,60.0,DESCENT
349.1,1544.84,-25.0,0.0,4170.6,60.0,DESCENT
349.2,1542.34,-25.0,0.0,4171.95,60.0,DESCENT
349.3,1539.84,-25.0,0.0,4173.3,60.0,DESCENT
349.4,1537.34,-25.0,0.0,4174.65,60.0,DESCENT
349.5,1534.84,-25.0,0.0,4176.0,60.0,DESCENT
349.6,1532.34,-25.0,0.0,4177.35,60.0,DESCENT
349.7,1529.84,-25.0,0.0,4178.7,60.0,DESCENT
349.8,1527.34,-25.0,0.0,4180.05,60.0,DESCENT
349.9,1524.84,-25.0,0.0,4181.4,60.0,DESCENT
350.0,1522.34,-25.0,0.0,4182.75,60.0,DESCENT
350.1,1519.84,-25.0,0.0,4184.1,60.0,DESCENT
350.2,1517.34,-25.0,0.0,4185.45,60.0,DESCENT
350.3,1514.84,-25.0,0.0,4186.8,60.0,DESCENT
350.4,1512.34,-25.0,0.0,4188.15,60.0,DESCENT
350.5,1509.84,-25.0,0.0,4189.5,60.0,DESCENT
350.6,1507.34,-25.0,0.0,4190.85,60.0,DESCENT
350.7,1504.84,-25.0,0.0,4192.2,60.0,DESCENT
350.8,1502.34,-25.0,0.0,4193.55,60.0,DESCENT
350.9,1499.84,-25.0,0.0,4194.9,60.0,DESCENT
351.0,1497.34,-25.0,0.0,4196.25,60.0,DESCENT
351.1,1494.84,-25.0,0.0,4197.6,60.0,DESCENT
351.2,1492.34,-25.0,0.0,4198.95,60.0,DESCENT
351.3,1489.84,-25.0,0.0,4200.3,60.0,DESCENT
351.4,1487.34,-25.0,0.0,4201.65,60.0,DESCENT
351.5,1484.84,-25.0,0.0,4203.0,60.0,DESCENT
351.6,1482.34,-25.0,0.0,4204.35,60.0,DESCENT
351.7,1479.84,-25.0,0.0,4205.7,60.0,DESCENT
351.8,1477.34,-25.0,0.0,4207.05,60.0,DESCENT
351.9,1474.84,-25.0,0.0,4208.4,60.0,DESCENT
352.0,1472.34,-25.0,0.0,4209.75,60.0,DESCENT
352.1,1469.84,-25.0,0.0,4211.1,60.0,DESCENT
352.2,1467.34,-25.0,0.0,4212.45,60.0,DESCENT
352.3,1464.84,-25.0,0.0,4213.8,60.0,DESCENT
352.4,1462.34,-25.0,0.0,4215.15,60.0,DESCENT
352.5,1459.84,-25.0,0.0,4216.5,60.0,DESCENT
352.6,1457.34,-25.0,0.0,4217.85,60.0,DESCENT
352.7,1454.84,-25.0,0.0,4219.2,60.0,DESCENT
352.8,1452.34,-25.0,0.0,4220.55,60.0,DESCENT
352.9,1449.84,-25.0,0.0,4221.9,60.0,DESCENT
353.0,1447.34,-25.0,0.0,4223.25,60.0,DESCENT
353.1,1444.84,-25.0,0.0,4224.6,60.0,DESCENT
353.2,1442.34,-25.0,0.0,4225.95,60.0,DESCENT
353.3,1439.84,-25.0,0.0,4227.3,60.0,DESCENT
353.4,1437.34,-25.0,0.0,4228.65,60.0,DESCENT
353.5,1434.84,-25.0,0.0,4230.0,60.0,DESCENT
353.6,1432.34,-25.0,0.0,4231.35,60.0,DESCENT
353.7,1429.84,-25.0,0.0,4232.7,60.0,DESCENT
353.8,1427.34,-25.0,0.0,4234.05,60.0,DESCENT
353.9,1424.84,-25.0,0.0,4235.4,60.0,DESCENT
354.0,1422.34,-25.0,0.0,4236.75,60.0,DESCENT
354.1,1419.84,-25.0,0.0,4238.1,60.0,DESCENT
354.2,1417.34,-25.0,0.0,4239.45,60.0,DESCENT
354.3,1414.84,-25.0,0.0,4240.8,60.0,DESCENT
354.4,1412.34,-25.0,0.0,4242.15,60.0,DESCENT
354.5,1409.84,-25.0,0.0,4243.5,60.0,DESCENT
354.6,1407.34,-25.0,0.0,4244.85,60.0,DESCENT
354.7,1404.84,-25.0,0.0,4246.2,60.0,DESCENT
354.8,1402.34,-25.0,0.0,4247.55,60.0,DESCENT
354.9,1399.84,-25.0,0.0,4248.9,60.0,DESCENT
355.0,1397.34,-25.0,0.0,4250.25,60.0,DESCENT
355.1,1394.84,-25.0,0.0,4251.6,60.0,DESCENT
355.2,1392.34,-25.0,0.0,4252.95,60.0,DESCENT
355.3,1389.84,-25.0,0.0,4254.3,60.0,DESCENT
355.4,1387.34,-25.0,0.0,4255.65,60.0,DESCENT
355.5,1384.84,-25.0,0.0,4257.0,60.0,DESCENT
355.6,1382.34,-25.0,0.0,4258.35,60.0,DESCENT
355.7,1379.84,-25.0,0.0,4259.7,60.0,DESCENT
355.8,1377.34,-25.0,0.0,4261.05,60.0,DESCENT
355.9,1374.84,-25.0,0.0,4262.4,60.0,DESCENT
356.0,1372.34,-25.0,0.0,4263.75,60.0,DESCENT
356.1,1369.84,-25.0,0.0,4265.1,60.0,DESCENT
356.2,1367.34,-25.0,0.0,4266.45,60.0,DESCENT
356.3,1364.84,-25.0,0.0,4267.8,60.0,DESCENT
356.4,1362.34,-25.0,0.0,4269.15,60.0,DESCENT
356.5,1359.84,-25.0,0.0,4270.5,60.0,DESCENT
356.6,1357.34,-25.0,0.0,4271.85,60.0,DESCENT
356.7,1354.84,-25.0,0.0,4273.2,60.0,DESCENT
356.8,1352.34,-25.0,0.0,4274.55,60.0,DESCENT
356.9,1349.84,-25.0,0.0,4275.9,60.0,DESCENT
357.0,1347.34,-25.0,0.0,4277.25,60.0,DESCENT
357.1,1344.84,-25.0,0.0,4278.6,60.0,DESCENT
357.2,1342.34,-25.0,0.0,4279.95,60.0,DESCENT
357.3,1339.84,-25.0,0.0,4281.3,60.0,DESCENT
357.4,1337.34,-25.0,0.0,4282.65,60.0,DESCENT
357.5,1334.84,-25.0,0.0,4284.0,60.0,DESCENT
357.6,1332.34,-25.0,0.0,4285.35,60.0,DESCENT
357.7,1329.84,-25.0,0.0,4286.7,60.0,DESCENT
357.8,1327.34,-25.0,0.0,4288.05,60.0,DESCENT
357.9,1324.84,-25.0,0.0,4289.4,60.0,DESCENT
358.0,1322.34,-25.0,0.0,4290.75,60.0,DESCENT
358.1,1319.84,-25.0,0.0,4292.1,60.0,DESCENT
358.2,1317.34,-25.0,0.0,4293.45,60.0,DESCENT
358.3,1314.84,-25.0,0.0,4294.8,60.0,DESCENT
358.4,1312.34,-25.0,0.0,4296.15,60.0,DESCENT
358.5,1309.84,-25.0,0.0,4297.5,60.0,DESCENT
358.6,1307.34,-25.0,0.0,4298.85,60.0,DESCENT
358.7,1304.84,-25.0,0.0,4300.2,60.0,DESCENT
358.8,1302.34,-25.0,0.0,4301.55,60.0,DESCENT
358.9,1299.84,-25.0,0.0,4302.9,60.0,DESCENT
359.0,1297.34,-25.0,0.0,4304.25,60.0,DESCENT
359.1,1294.84,-25.0,0.0,4305.6,60.0,DESCENT
359.2,1292.34,-25.0,0.0,4306.95,60.0,DESCENT
359.3,1289.84,-25.0,0.0,4308.3,60.0,DESCENT
359.4,1287.34,-25.0,0.0,4309.65,60.0,DESCENT
359.5,1284.84,-25.0,0.0,4311.0,60.0,DESCENT
359.6,1282.34,-25.0,0.0,4312.35,60.0,DESCENT
359.7,1279.84,-25.0,0.0,4313.7,60.0,DESCENT
359.8,1277.34,-25.0,0.0,4315.05,60.0,DESCENT
359.9,1274.84,-25.0,0.0,4316.4,60.0,DESCENT
360.0,1272.34,-25.0,0.0,4317.75,60.0,DESCENT
360.1,1269.84,-25.0,0.0,4319.1,60.0,DESCENT
360.2,1267.34,-25.0,0.0,4320.45,60.0,DESCENT
360.3,1264.84,-25.0,0.0,4321.8,60.0,DESCENT
360.4,1262.34,-25.0,0.0,4323.15,60.0,DESCENT
360.5,1259.84,-25.0,0.0,4324.5,60.0,DESCENT
360.6,1257.34,-25.0,0.0,4325.85,60.0,DESCENT
360.7,1254.84,-25.0,0.0,4327.2,60.0,DESCENT
360.8,1252.34,-25.0,0.0,4328.55,60.0,DESCENT
360.9,1249.84,-25.0,0.0,4329.9,60.0,DESCENT
361.0,1247.34,-25.0,0.0,4331.25,60.0,DESCENT
361.1,1244.84,-25.0,0.0,4332.6,60.0,DESCENT
361.2,1242.34,-25.0,0.0,4333.95,60.0,DESCENT
361.3,1239.84,-25.0,0.0,4335.3,60.0,DESCENT
361.4,1237.34,-25.0,0.0,4336.65,60.0,DESCENT
361.5,1234.84,-25.0,0.0,4338.0,60.0,DESCENT
361.6,1232.34,-25.0,0.0,4339.35,60.0,DESCENT
361.7,1229.84,-25.0,0.0,4340.7,60.0,DESCENT
361.8,1227.34,-25.0,0.0,4342.05,60.0,DESCENT
361.9,1224.84,-25.0,0.0,4343.4,60.0,DESCENT
362.0,1222.34,-25.0,0.0,4344.75,60.0,DESCENT
362.1,1219.84,-25.0,0.0,4346.1,60.0,DESCENT
362.2,1217.34,-25.0,0.0,4347.45,60.0,DESCENT
362.3,1214.84,-25.0,0.0,4348.8,60.0,DESCENT
362.4,1212.34,-25.0,0.0,4350.15,60.0,DESCENT
362.5,1209.84,-25.0,0.0,4351.5,60.0,DESCENT
362.6,1207.34,-25.0,0.0,4352.85,60.0,DESCENT
362.7,1204.84,-25.0,0.0,4354.2,60.0,DESCENT
362.8,1202.34,-25.0,0.0,4355.55,60.0,DESCENT
362.9,1199.84,-25.0,0.0,4356.9,60.0,DESCENT
363.0,1197.34,-25.0,0.0,4358.25,60.0,DESCENT
363.1,1194.84,-25.0,0.0,4359.6,60.0,DESCENT
363.2,1192.34,-25.0,0.0,4360.95,60.0,DESCENT
363.3,1189.84,-25.0,0.0,4362.3,60.0,DESCENT
363.4,1187.34,-25.0,0.0,4363.65,60.0,DESCENT
363.5,1184.84,-25.0,0.0,4365.0,60.0,DESCENT
363.6,1182.34,-25.0,0.0,4366.35,60.0,DESCENT
363.7,1179.84,-25.0,0.0,4367.7,60.0,DESCENT
363.8,1177.34,-25.0,0.0,4369.05,60.0,DESCENT
363.9,1174.84,-25.0,0.0,4370.4,60.0,DESCENT
364.0,1172.34,-25.0,0.0,4371.75,60.0,DESCENT
364.1,1169.84,-25.0,0.0,4373.1,60.0,DESCENT
364.2,1167.34,-25.0,0.0,4374.45,60.0,DESCENT
364.3,1164.84,-25.0,0.0,4375.8,60.0,DESCENT
364.4,1162.34,-25.0,0.0,4377.15,60.0,DESCENT
364.5,1159.84,-25.0,0.0,4378.5,60.0,DESCENT
364.6,1157.34,-25.0,0.0,4379.85,60.0,DESCENT
364.7,1154.84,-25.0,0.0,4381.2,60.0,DESCENT
364.8,1152.34,-25.0,0.0,4382.55,60.0,DESCENT
364.9,1149.84,-25.0,0.0,4383.9,60.0,DESCENT
365.0,1147.34,-25.0,0.0,4385.25,60.0,DESCENT
365.1,1144.84,-25.0,0.0,4386.6,60.0,DESCENT
365.2,1142.34,-25.0,0.0,4387.95,60.0,DESCENT
365.3,1139.84,-25.0,0.0,4389.3,60.0,DESCENT
365.4,1137.34,-25.0,0.0,4390.65,60.0,DESCENT
365.5,1134.84,-25.0,0.0,4392.0,60.0,DESCENT
365.6,1132.34,-25.0,0.0,4393.35,60.0,DESCENT
365.7,1129.84,-25.0,0.0,4394.7,60.0,DESCENT
365.8,1127.34,-25.0,0.0,4396.05,60.0,DESCENT
365.9,1124.84,-25.0,0.0,4397.4,60.0,DESCENT
366.0,1122.34,-25.0,0.0,4398.75,60.0,DESCENT
366.1,1119.84,-25.0,0.0,4400.1,60.0,DESCENT
366.2,1117.34,-25.0,0.0,4401.45,60.0,DESCENT
366.3,1114.84,-25.0,0.0,4402.8,60.0,DESCENT
366.4,1112.34,-25.0,0.0,4404.15,60.0,DESCENT
366.5,1109.84,-25.0,0.0,4405.5,60.0,DESCENT
366.6,1107.34,-25.0,0.0,4406.85,60.0,DESCENT
366.7,1104.84,-25.0,0.0,4408.2,60.0,DESCENT
366.8,1102.34,-25.0,0.0,4409.55,60.0,DESCENT
366.9,1099.84,-25.0,0.0,4410.9,60.0,DESCENT
367.0,1097.34,-25.0,0.0,4412.25,60.0,DESCENT
367.1,1094.84,-25.0,0.0,4413.6,60.0,DESCENT
367.2,1092.34,-25.0,0.0,4414.95,60.0,DESCENT
367.3,1089.84,-25.0,0.0,4416.3,60.0,DESCENT
367.4,1087.34,-25.0,0.0,4417.65,60.0,DESCENT
367.5,1084.84,-25.0,0.0,4419.0,60.0,DESCENT
367.6,1082.34,-25.0,0.0,4420.35,60.0,DESCENT
367.7,1079.84,-25.0,0.0,4421.7,60.0,DESCENT
367.8,1077.34,-25.0,0.0,4423.05,60.0,DESCENT
367.9,1074.84,-25.0,0.0,4424.4,60.0,DESCENT
368.0,1072.34,-25.0,0.0,4425.75,60.0,DESCENT
368.1,1069.84,-25.0,0.0,4427.1,60.0,DESCENT
368.2,1067.34,-25.0,0.0,4428.45,60.0,DESCENT
368.3,1064.84,-25.0,0.0,4429.8,60.0,DESCENT
368.4,1062.34,-25.0,0.0,4431.15,60.0,DESCENT
368.5,1059.84,-25.0,0.0,4432.5,60.0,DESCENT
368.6,1057.34,-25.0,0.0,4433.85,60.0,DESCENT
368.7,1054.84,-25.0,0.0,4435.2,60.0,DESCENT
368.8,1052.34,-25.0,0.0,4436.55,60.0,DESCENT
368.9,1049.84,-25.0,0.0,4437.9,60.0,DESCENT
369.0,1047.34,-25.0,0.0,4439.25,60.0,DESCENT
369.1,1044.84,-25.0,0.0,4440.6,60.0,DESCENT
369.2,1042.34,-25.0,0.0,4441.95,60.0,DESCENT
369.3,1039.84,-25.0,0.0,4443.3,60.0,DESCENT
369.4,1037.34,-25.0,0.0,4444.65,60.0,DESCENT
369.5,1034.84,-25.0,0.0,4446.0,60.0,DESCENT
369.6,1032.34,-25.0,0.0,4447.35,60.0,DESCENT
369.7,1029.84,-25.0,0.0,4448.7,60.0,DESCENT
369.8,1027.34,-25.0,0.0,4450.05,60.0,DESCENT
369.9,1024.84,-25.0,0.0,4451.4,60.0,DESCENT
370.0,1022.34,-25.0,0.0,4452.75,60.0,DESCENT
370.1,1019.84,-25.0,0.0,4454.1,60.0,DESCENT
370.2,1017.34,-25.0,0.0,4455.45,60.0,DESCENT
370.3,1014.84,-25.0,0.0,4456.8,60.0,DESCENT
370.4,1012.34,-25.0,0.0,4458.15,60.0,DESCENT
370.5,1009.84,-25.0,0.0,4459.5,60.0,DESCENT
370.6,1007.34,-25.0,0.0,4460.85,60.0,DESCENT
370.7,1004.84,-25.0,0.0,4462.2,60.0,DESCENT
370.8,1002.34,-25.0,0.0,4463.55,60.0,DESCENT
370.9,999.84,-25.0,0.0,4464.9,60.0,DESCENT
371.0,997.34,-25.0,0.0,4466.25,60.0,DESCENT
371.1,994.84,-25.0,0.0,4467.6,60.0,DESCENT
371.2,992.34,-25.0,0.0,4468.95,60.0,DESCENT
371.3,989.84,-25.0,0.0,4470.3,60.0,DESCENT
371.4,987.34,-25.0,0.0,4471.65,60.0,DESCENT
371.5,984.84,-25.0,0.0,4473.0,60.0,DESCENT
371.6,982.34,-25.0,0.0,4474.35,60.0,DESCENT
371.7,979.84,-25.0,0.0,4475.7,60.0,DESCENT
371.8,977.34,-25.0,0.0,4477.05,60.0,DESCENT
371.9,974.84,-25.0,0.0,4478.4,60.0,DESCENT
372.0,972.34,-25.0,0.0,4479.75,60.0,DESCENT
372.1,969.84,-25.0,0.0,4481.1,60.0,DESCENT
372.2,967.34,-25.0,0.0,4482.45,60.0,DESCENT
372.3,964.84,-25.0,0.0,4483.8,60.0,DESCENT
372.4,962.34,-25.0,0.0,4485.15,60.0,DESCENT
372.5,959.84,-25.0,0.0,4486.5,60.0,DESCENT
372.6,957.34,-25.0,0.0,4487.85,60.0,DESCENT
372.7,954.84,-25.0,0.0,4489.2,60.0,DESCENT
372.8,952.34,-25.0,0.0,4490.55,60.0,DESCENT
372.9,949.84,-25.0,0.0,4491.9,60.0,DESCENT
373.0,947.34,-25.0,0.0,4493.25,60.0,DESCENT
373.1,944.84,-25.0,0.0,4494.6,60.0,DESCENT
373.2,942.34,-25.0,0.0,4495.95,60.0,DESCENT
373.3,939.84,-25.0,0.0,4497.3,60.0,DESCENT
373.4,937.34,-25.0,0.0,4498.65,60.0,DESCENT
373.5,934.84,-25.0,0.0,4500.0,60.0,DESCENT
373.6,932.34,-25.0,0.0,4501.35,60.0,DESCENT
373.7,929.84,-25.0,0.0,4502.7,60.0,DESCENT
373.8,927.34,-25.0,0.0,4504.05,60.0,DESCENT
373.9,924.84,-25.0,0.0,4505.4,60.0,DESCENT
374.0,922.34,-25.0,0.0,4506.75,60.0,DESCENT
374.1,919.84,-25.0,0.0,4508.1,60.0,DESCENT
374.2,917.34,-25.0,0.0,4509.45,60.0,DESCENT
374.3,914.84,-25.0,0.0,4510.8,60.0,DESCENT
374.4,912.34,-25.0,0.0,4512.15,60.0,DESCENT
374.5,909.84,-25.0,0.0,4513.5,60.0,DESCENT
374.6,907.34,-25.0,0.0,4514.85,60.0,DESCENT
374.7,904.84,-25.0,0.0,4516.2,60.0,DESCENT
374.8,902.34,-25.0,0.0,4517.55,60.0,DESCENT
374.9,899.84,-25.0,0.0,4518.9,60.0,DESCENT
375.0,897.34,-25.0,0.0,4520.25,60.0,DESCENT
375.1,894.84,-25.0,0.0,4521.6,60.0,DESCENT
375.2,892.34,-25.0,0.0,4522.95,60.0,DESCENT
375.3,889.84,-25.0,0.0,4524.3,60.0,DESCENT
375.4,887.34,-25.0,0.0,4525.65,60.0,DESCENT
375.5,884.84,-25.0,0.0,4527.0,60.0,DESCENT
375.6,882.34,-25.0,0.0,4528.35,60.0,DESCENT
375.7,879.84,-25.0,0.0,4529.7,60.0,DESCENT
375.8,877.34,-25.0,0.0,4531.05,60.0,DESCENT
375.9,874.84,-25.0,0.0,4532.4,60.0,DESCENT
376.0,872.34,-25.0,0.0,4533.75,60.0,DESCENT
376.1,869.84,-25.0,0.0,4535.1,60.0,DESCENT
376.2,867.34,-25.0,0.0,4536.45,60.0,DESCENT
376.3,864.84,-25.0,0.0,4537.8,60.0,DESCENT
376.4,862.34,-25.0,0.0,4539.15,60.0,DESCENT
376.5,859.84,-25.0,0.0,4540.5,60.0,DESCENT
376.6,857.34,-25.0,0.0,4541.85,60.0,DESCENT
376.7,854.84,-25.0,0.0,4543.2,60.0,DESCENT
376.8,852.34,-25.0,0.0,4544.55,60.0,DESCENT
376.9,849.84,-25.0,0.0,4545.9,60.0,DESCENT
377.0,847.34,-25.0,0.0,4547.25,60.0,DESCENT
377.1,844.84,-25.0,0.0,4548.6,60.0,DESCENT
377.2,842.34,-25.0,0.0,4549.95,60.0,DESCENT
377.3,839.84,-25.0,0.0,4551.3,60.0,DESCENT
377.4,837.34,-25.0,0.0,4552.65,60.0,DESCENT
377.5,834.84,-25.0,0.0,4554.0,60.0,DESCENT
377.6,832.34,-25.0,0.0,4555.35,60.0,DESCENT
377.7,829.84,-25.0,0.0,4556.7,60.0,DESCENT
377.8,827.34,-25.0,0.0,4558.05,60.0,DESCENT
377.9,824.84,-25.0,0.0,4559.4,60.0,DESCENT
378.0,822.34,-25.0,0.0,4560.75,60.0,DESCENT
378.1,819.84,-25.0,0.0,4562.1,60.0,DESCENT
378.2,817.34,-25.0,0.0,4563.45,60.0,DESCENT
378.3,814.84,-25.0,0.0,4564.8,60.0,DESCENT
378.4,812.34,-25.0,0.0,4566.15,60.0,DESCENT
378.5,809.84,-25.0,0.0,4567.5,60.0,DESCENT
378.6,807.34,-25.0,0.0,4568.85,60.0,DESCENT
378.7,804.84,-25.0,0.0,4570.2,60.0,DESCENT
378.8,802.34,-25.0,0.0,4571.55,60.0,DESCENT
378.9,799.84,-25.0,0.0,4572.9,60.0,DESCENT
379.0,797.34,-25.0,0.0,4574.25,60.0,DESCENT
379.1,794.84,-25.0,0.0,4575.6,60.0,DESCENT
379.2,792.34,-25.0,0.0,4576.95,60.0,DESCENT
379.3,789.84,-25.0,0.0,4578.3,60.0,DESCENT
379.4,787.34,-25.0,0.0,4579.65,60.0,DESCENT
379.5,784.84,-25.0,0.0,4581.0,60.0,DESCENT
379.6,782.34,-25.0,0.0,4582.35,60.0,DESCENT
379.7,779.84,-25.0,0.0,4583.7,60.0,DESCENT
379.8,777.34,-25.0,0.0,4585.05,60.0,DESCENT
379.9,774.84,-25.0,0.0,4586.4,60.0,DESCENT
380.0,772.34,-25.0,0.0,4587.75,60.0,DESCENT
380.1,769.84,-25.0,0.0,4589.1,60.0,DESCENT
380.2,767.34,-25.0,0.0,4590.45,60.0,DESCENT
380.3,764.84,-25.0,0.0,4591.8,60.0,DESCENT
380.4,762.34,-25.0,0.0,4593.15,60.0,DESCENT
380.5,759.84,-25.0,0.0,4594.5,60.0,DESCENT
380.6,757.34,-25.0,0.0,4595.85,60.0,DESCENT
380.7,754.84,-25.0,0.0,4597.2,60.0,DESCENT
380.8,752.34,-25.0,0.0,4598.55,60.0,DESCENT
380.9,749.84,-25.0,0.0,4599.9,60.0,DESCENT
381.0,747.34,-25.0,0.0,4601.25,60.0,DESCENT
381.1,744.84,-25.0,0.0,4602.6,60.0,DESCENT
381.2,742.34,-25.0,0.0,4603.95,60.0,DESCENT
381.3,739.84,-25.0,0.0,4605.3,60.0,DESCENT
381.4,737.34,-25.0,0.0,4606.65,60.0,DESCENT
381.5,734.84,-25.0,0.0,4608.0,60.0,DESCENT
381.6,732.34,-25.0,0.0,4609.35,60.0,DESCENT
381.7,729.84,-25.0,0.0,4610.7,60.0,DESCENT
381.8,727.34,-25.0,0.0,4612.05,60.0,DESCENT
381.9,724.84,-25.0,0.0,4613.4,60.0,DESCENT
382.0,722.34,-25.0,0.0,4614.75,60.0,DESCENT
382.1,719.84,-25.0,0.0,4616.1,60.0,DESCENT
382.2,717.34,-25.0,0.0,4617.45,60.0,DESCENT
382.3,714.84,-25.0,0.0,4618.8,60.0,DESCENT
382.4,712.34,-25.0,0.0,4620.15,60.0,DESCENT
382.5,709.84,-25.0,0.0,4621.5,60.0,DESCENT
382.6,707.34,-25.0,0.0,4622.85,60.0,DESCENT
382.7,704.84,-25.0,0.0,4624.2,60.0,DESCENT
382.8,702.34,-25.0,0.0,4625.55,60.0,DESCENT
382.9,699.84,-25.0,0.0,4626.9,60.0,DESCENT
383.0,697.34,-25.0,0.0,4628.25,60.0,DESCENT
383.1,694.84,-25.0,0.0,4629.6,60.0,DESCENT
383.2,692.34,-25.0,0.0,4630.95,60.0,DESCENT
383.3,689.84,-25.0,0.0,4632.3,60.0,DESCENT
383.4,687.34,-25.0,0.0,4633.65,60.0,DESCENT
383.5,684.84,-25.0,0.0,4635.0,60.0,DESCENT
383.6,682.34,-25.0,0.0,4636.35,60.0,DESCENT
383.7,679.84,-25.0,0.0,4637.7,60.0,DESCENT
383.8,677.34,-25.0,0.0,4639.05,60.0,DESCENT
383.9,674.84,-25.0,0.0,4640.4,60.0,DESCENT
384.0,672.34,-25.0,0.0,4641.75,60.0,DESCENT
384.1,669.84,-25.0,0.0,4643.1,60.0,DESCENT
384.2,667.34,-25.0,0.0,4644.45,60.0,DESCENT
384.3,664.84,-25.0,0.0,4645.8,60.0,DESCENT
384.4,662.34,-25.0,0.0,4647.15,60.0,DESCENT
384.5,659.84,-25.0,0.0,4648.5,60.0,DESCENT
384.6,657.34,-25.0,0.0,4649.85,60.0,DESCENT
384.7,654.84,-25.0,0.0,4651.2,60.0,DESCENT
384.8,652.34,-25.0,0.0,4652.55,60.0,DESCENT
384.9,649.84,-25.0,0.0,4653.9,60.0,DESCENT
385.0,647.34,-25.0,0.0,4655.25,60.0,DESCENT
385.1,644.84,-25.0,0.0,4656.6,60.0,DESCENT
385.2,642.34,-25.0,0.0,4657.95,60.0,DESCENT
385.3,639.84,-25.0,0.0,4659.3,60.0,DESCENT
385.4,637.34,-25.0,0.0,4660.65,60.0,DESCENT
385.5,634.84,-25.0,0.0,4662.0,60.0,DESCENT
385.6,632.34,-25.0,0.0,4663.35,60.0,DESCENT
385.7,629.84,-25.0,0.0,4664.7,60.0,DESCENT
385.8,627.34,-25.0,0.0,4666.05,60.0,DESCENT
385.9,624.84,-25.0,0.0,4667.4,60.0,DESCENT
386.0,622.34,-25.0,0.0,4668.75,60.0,DESCENT
386.1,619.84,-25.0,0.0,4670.1,60.0,DESCENT
386.2,617.34,-25.0,0.0,4671.45,60.0,DESCENT
386.3,614.84,-25.0,0.0,4672.8,60.0,DESCENT
386.4,612.34,-25.0,0.0,4674.15,60.0,DESCENT
386.5,609.84,-25.0,0.0,4675.5,60.0,DESCENT
386.6,607.34,-25.0,0.0,4676.85,60.0,DESCENT
386.7,604.84,-25.0,0.0,4678.2,60.0,DESCENT
386.8,602.34,-25.0,0.0,4679.55,60.0,DESCENT
386.9,599.84,-25.0,0.0,4680.9,60.0,DESCENT
387.0,597.34,-25.0,0.0,4682.25,60.0,DESCENT
387.1,594.84,-25.0,0.0,4683.6,60.0,DESCENT
387.2,592.34,-25.0,0.0,4684.95,60.0,DESCENT
387.3,589.84,-25.0,0.0,4686.3,60.0,DESCENT
387.4,587.34,-25.0,0.0,4687.65,60.0,DESCENT
387.5,584.84,-25.0,0.0,4689.0,60.0,DESCENT
387.6,582.34,-25.0,0.0,4690.35,60.0,DESCENT
387.7,579.84,-25.0,0.0,4691.7,60.0,DESCENT
387.8,577.34,-25.0,0.0,4693.05,60.0,DESCENT
387.9,574.84,-25.0,0.0,4694.4,60.0,DESCENT
388.0,572.34,-25.0,0.0,4695.75,60.0,DESCENT
388.1,569.84,-25.0,0.0,4697.1,60.0,DESCENT
388.2,567.34,-25.0,0.0,4698.45,60.0,DESCENT
388.3,564.84,-25.0,0.0,4699.8,60.0,DESCENT
388.4,562.34,-25.0,0.0,4701.15,60.0,DESCENT
388.5,559.84,-25.0,0.0,4702.5,60.0,DESCENT
388.6,557.34,-25.0,0.0,4703.85,60.0,DESCENT
388.7,554.84,-25.0,0.0,4705.2,60.0,DESCENT
388.8,552.34,-25.0,0.0,4706.55,60.0,DESCENT
388.9,549.84,-25.0,0.0,4707.9,60.0,DESCENT
389.0,547.34,-25.0,0.0,4709.25,60.0,DESCENT
389.1,544.84,-25.0,0.0,4710.6,60.0,DESCENT
389.2,542.34,-25.0,0.0,4711.95,60.0,DESCENT
389.3,539.84,-25.0,0.0,4713.3,60.0,DESCENT
389.4,537.34,-25.0,0.0,4714.65,60.0,DESCENT
389.5,534.84,-25.0,0.0,4716.0,60.0,DESCENT
389.6,532.34,-25.0,0.0,4717.35,60.0,DESCENT
389.7,529.84,-25.0,0.0,4718.7,60.0,DESCENT
389.8,527.34,-25.0,0.0,4720.05,60.0,DESCENT
389.9,524.84,-25.0,0.0,4721.4,60.0,DESCENT
390.0,522.34,-25.0,0.0,4722.75,60.0,DESCENT
390.1,519.84,-25.0,0.0,4724.1,60.0,DESCENT
390.2,517.34,-25.0,0.0,4725.45,60.0,DESCENT
390.3,514.84,-25.0,0.0,4726.8,60.0,DESCENT
390.4,512.34,-25.0,0.0,4728.15,60.0,DESCENT
390.5,509.84,-25.0,0.0,4729.5,60.0,DESCENT
390.6,507.34,-25.0,0.0,4730.85,60.0,DESCENT
390.7,504.84,-25.0,0.0,4732.2,60.0,DESCENT
390.8,502.34,-25.0,0.0,4733.55,60.0,DESCENT
390.9,499.84,-25.0,0.0,4734.9,60.0,DESCENT
391.0,497.34,-25.0,0.0,4736.25,60.0,DESCENT
391.1,494.84,-25.0,0.0,4737.6,60.0,DESCENT
391.2,492.34,-25.0,0.0,4738.95,60.0,DESCENT
391.3,489.84,-25.0,0.0,4740.3,60.0,DESCENT
391.4,487.34,-25.0,0.0,4741.65,60.0,DESCENT
391.5,484.84,-25.0,0.0,4743.0,60.0,DESCENT
391.6,482.34,-25.0,0.0,4744.35,60.0,DESCENT
391.7,479.84,-25.0,0.0,4745.7,60.0,DESCENT
391.8,477.34,-25.0,0.0,4747.05,60.0,DESCENT
391.9,474.84,-25.0,0.0,4748.4,60.0,DESCENT
392.0,472.34,-25.0,0.0,4749.75,60.0,DESCENT
392.1,469.84,-25.0,0.0,4751.1,60.0,DESCENT
392.2,467.34,-25.0,0.0,4752.45,60.0,DESCENT
392.3,464.84,-25.0,0.0,4753.8,60.0,DESCENT
392.4,462.34,-25.0,0.0,4755.15,60.0,DESCENT
392.5,459.84,-25.0,0.0,4756.5,60.0,DESCENT
392.6,457.34,-25.0,0.0,4757.85,60.0,DESCENT
392.7,454.84,-25.0,0.0,4759.2,60.0,DESCENT
392.8,452.34,-25.0,0.0,4760.55,60.0,DESCENT
392.9,449.84,-25.0,0.0,4761.9,60.0,DESCENT
393.0,447.34,-25.0,0.0,4763.25,60.0,DESCENT
393.1,444.84,-25.0,0.0,4764.6,60.0,DESCENT
393.2,442.34,-25.0,0.0,4765.95,60.0,DESCENT
393.3,439.84,-25.0,0.0,4767.3,60.0,DESCENT
393.4,437.34,-25.0,0.0,4768.65,60.0,DESCENT
393.5,434.84,-25.0,0.0,4770.0,60.0,DESCENT
393.6,432.34,-25.0,0.0,4771.35,60.0,DESCENT
393.7,429.84,-25.0,0.0,4772.7,60.0,DESCENT
393.8,427.34,-25.0,0.0,4774.05,60.0,DESCENT
393.9,424.84,-25.0,0.0,4775.4,60.0,DESCENT
394.0,422.34,-25.0,0.0,4776.75,60.0,DESCENT
394.1,419.84,-25.0,0.0,4778.1,60.0,DESCENT
394.2,417.34,-25.0,0.0,4779.45,60.0,DESCENT
394.3,414.84,-25.0,0.0,4780.8,60.0,DESCENT
394.4,412.34,-25.0,0.0,4782.15,60.0,DESCENT
394.5,409.84,-25.0,0.0,4783.5,60.0,DESCENT
394.6,407.34,-25.0,0.0,4784.85,60.0,DESCENT
394.7,404.84,-25.0,0.0,4786.2,60.0,DESCENT
394.8,402.34,-25.0,0.0,4787.55,60.0,DESCENT
394.9,399.84,-25.0,0.0,4788.9,60.0,DESCENT
395.0,397.34,-25.0,0.0,4790.25,60.0,DESCENT
395.1,394.84,-25.0,0.0,4791.6,60.0,DESCENT
395.2,392.34,-25.0,0.0,4792.95,60.0,DESCENT
395.3,389.84,-25.0,0.0,4794.3,60.0,DESCENT
395.4,387.34,-25.0,0.0,4795.65,60.0,DESCENT
395.5,384.84,-25.0,0.0,4797.0,60.0,DESCENT
395.6,382.34,-25.0,0.0,4798.35,60.0,DESCENT
395.7,379.84,-25.0,0.0,4799.7,60.0,DESCENT
395.8,377.34,-25.0,0.0,4801.05,60.0,DESCENT
395.9,374.84,-25.0,0.0,4802.4,60.0,DESCENT
396.0,372.34,-25.0,0.0,4803.75,60.0,DESCENT
396.1,369.84,-25.0,0.0,4805.1,60.0,DESCENT
396.2,367.34,-25.0,0.0,4806.45,60.0,DESCENT
396.3,364.84,-25.0,0.0,4807.8,60.0,DESCENT
396.4,362.34,-25.0,0.0,4809.15,60.0,DESCENT
396.5,359.84,-25.0,0.0,4810.5,60.0,DESCENT
396.6,357.34,-25.0,0.0,4811.85,60.0,DESCENT
396.7,354.84,-25.0,0.0,4813.2,60.0,DESCENT
396.8,352.34,-25.0,0.0,4814.55,60.0,DESCENT
396.9,349.84,-25.0,0.0,4815.9,60.0,DESCENT
397.0,347.34,-25.0,0.0,4817.25,60.0,DESCENT
397.1,344.84,-25.0,0.0,4818.6,60.0,DESCENT
397.2,342.34,-25.0,0.0,4819.95,60.0,DESCENT
397.3,339.84,-25.0,0.0,4821.3,60.0,DESCENT
397.4,337.34,-25.0,0.0,4822.65,60.0,DESCENT
397.5,334.84,-25.0,0.0,4824.0,60.0,DESCENT
397.6,332.34,-25.0,0.0,4825.35,60.0,DESCENT
397.7,329.84,-25.0,0.0,4826.7,60.0,DESCENT
397.8,327.34,-25.0,0.0,4828.05,60.0,DESCENT
397.9,324.84,-25.0,0.0,4829.4,60.0,DESCENT
398.0,322.34,-25.0,0.0,4830.75,60.0,DESCENT
398.1,319.84,-25.0,0.0,4832.1,60.0,DESCENT
398.2,317.34,-25.0,0.0,4833.45,60.0,DESCENT
398.3,314.84,-25.0,0.0,4834.8,60.0,DESCENT
398.4,312.34,-25.0,0.0,4836.15,60.0,DESCENT
398.5,309.84,-25.0,0.0,4837.5,60.0,DESCENT
398.6,307.34,-25.0,0.0,4838.85,60.0,DESCENT
398.7,304.84,-25.0,0.0,4840.2,60.0,DESCENT
398.8,302.34,-25.0,0.0,4841.55,60.0,DESCENT
398.9,299.84,-25.0,0.0,4842.9,60.0,DESCENT
399.0,297.34,-25.0,0.0,4844.25,60.0,DESCENT
399.1,294.84,-25.0,0.0,4845.6,60.0,DESCENT
399.2,292.34,-25.0,0.0,4846.95,60.0,DESCENT
399.3,289.84,-25.0,0.0,4848.3,60.0,DESCENT
399.4,287.34,-25.0,0.0,4849.65,60.0,DESCENT
399.5,284.84,-25.0,0.0,4851.0,60.0,DESCENT
399.6,282.34,-25.0,0.0,4852.35,60.0,DESCENT
399.7,279.84,-25.0,0.0,4853.7,60.0,DESCENT
399.8,277.34,-25.0,0.0,4855.05,60.0,DESCENT
399.9,274.84,-25.0,0.0,4856.4,60.0,DESCENT
400.0,272.34,-25.0,0.0,4857.75,60.0,DESCENT
400.1,269.84,-25.0,0.0,4859.1,60.0,DESCENT
400.2,267.34,-25.0,0.0,4860.45,60.0,DESCENT
400.3,264.84,-25.0,0.0,4861.8,60.0,DESCENT
400.4,262.34,-25.0,0.0,4863.15,60.0,DESCENT
400.5,259.84,-25.0,0.0,4864.5,60.0,DESCENT
400.6,257.34,-25.0,0.0,4865.85,60.0,DESCENT
400.7,254.84,-25.0,0.0,4867.2,60.0,DESCENT
400.8,252.34,-25.0,0.0,4868.55,60.0,DESCENT
400.9,249.84,-25.0,0.0,4869.9,60.0,DESCENT
401.0,247.34,-25.0,0.0,4871.25,60.0,DESCENT
401.1,244.84,-25.0,0.0,4872.6,60.0,DESCENT
401.2,242.34,-25.0,0.0,4873.95,60.0,DESCENT
401.3,239.84,-25.0,0.0,4875.3,60.0,DESCENT
401.4,237.34,-25.0,0.0,4876.65,60.0,DESCENT
401.5,234.84,-25.0,0.0,4878.0,60.0,DESCENT
401.6,232.34,-25.0,0.0,4879.35,60.0,DESCENT
401.7,229.84,-25.0,0.0,4880.7,60.0,DESCENT
401.8,227.34,-25.0,0.0,4882.05,60.0,DESCENT
401.9,224.84,-25.0,0.0,4883.4,60.0,DESCENT
402.0,222.34,-25.0,0.0,4884.75,60.0,DESCENT
402.1,219.84,-25.0,0.0,4886.1,60.0,DESCENT
402.2,217.34,-25.0,0.0,4887.45,60.0,DESCENT
402.3,214.84,-25.0,0.0,4888.8,60.0,DESCENT
402.4,212.34,-25.0,0.0,4890.15,60.0,DESCENT
402.5,209.84,-25.0,0.0,4891.5,60.0,DESCENT
402.6,207.34,-25.0,0.0,4892.85,60.0,DESCENT
402.7,204.84,-25.0,0.0,4894.2,60.0,DESCENT
402.8,202.34,-25.0,0.0,4895.55,60.0,DESCENT
402.9,199.84,-25.0,0.0,4896.9,60.0,DESCENT
403.0,197.34,-25.0,0.0,4898.25,60.0,DESCENT
403.1,194.84,-25.0,0.0,4899.6,60.0,DESCENT
403.2,192.34,-25.0,0.0,4900.95,60.0,DESCENT
403.3,189.84,-25.0,0.0,4902.3,60.0,DESCENT
403.4,187.34,-25.0,0.0,4903.65,60.0,DESCENT
403.5,184.84,-25.0,0.0,4905.0,60.0,DESCENT
403.6,182.34,-25.0,0.0,4906.35,60.0,DESCENT
403.7,179.84,-25.0,0.0,4907.7,60.0,DESCENT
403.8,177.34,-25.0,0.0,4909.05,60.0,DESCENT
403.9,174.84,-25.0,0.0,4910.4,60.0,DESCENT
404.0,172.34,-25.0,0.0,4911.75,60.0,DESCENT
404.1,169.84,-25.0,0.0,4913.1,60.0,DESCENT
404.2,167.34,-25.0,0.0,4914.45,60.0,DESCENT
404.3,164.84,-25.0,0.0,4915.8,60.0,DESCENT
404.4,162.34,-25.0,0.0,4917.15,60.0,DESCENT
404.5,159.84,-25.0,0.0,4918.5,60.0,DESCENT
404.6,157.34,-25.0,0.0,4919.85,60.0,DESCENT
404.7,154.84,-25.0,0.0,4921.2,60.0,DESCENT
404.8,152.34,-25.0,0.0,4922.55,60.0,DESCENT
404.9,149.84,-25.0,0.0,4923.9,60.0,DESCENT
405.0,147.34,-25.0,0.0,4925.25,60.0,DESCENT
405.1,144.84,-25.0,0.0,4926.6,60.0,DESCENT
405.2,142.34,-25.0,0.0,4927.95,60.0,DESCENT
405.3,139.84,-25.0,0.0,4929.3,60.0,DESCENT
405.4,137.34,-25.0,0.0,4930.65,60.0,DESCENT
405.5,134.84,-25.0,0.0,4932.0,60.0,DESCENT
405.6,132.34,-25.0,0.0,4933.35,60.0,DESCENT
405.7,129.84,-25.0,0.0,4934.7,60.0,DESCENT
405.8,127.34,-25.0,0.0,4936.05,60.0,DESCENT
405.9,124.84,-25.0,0.0,4937.4,60.0,DESCENT
406.0,122.34,-25.0,0.0,4938.75,60.0,DESCENT
406.1,119.84,-25.0,0.0,4940.1,60.0,DESCENT
406.2,117.34,-25.0,0.0,4941.45,60.0,DESCENT
406.3,114.84,-25.0,0.0,4942.8,60.0,DESCENT
406.4,112.34,-25.0,0.0,4944.15,60.0,DESCENT
406.5,109.84,-25.0,0.0,4945.5,60.0,DESCENT
406.6,107.34,-25.0,0.0,4946.85,60.0,DESCENT
406.7,104.84,-25.0,0.0,4948.2,60.0,DESCENT
406.8,102.34,-25.0,0.0,4949.55,60.0,DESCENT
406.9,99.84,-25.0,0.0,4950.9,60.0,DESCENT
407.0,97.34,-25.0,0.0,4952.25,60.0,DESCENT
407.1,94.84,-25.0,0.0,4953.6,60.0,DESCENT
407.2,92.34,-25.0,0.0,4954.95,60.0,DESCENT
407.3,89.84,-25.0,0.0,4956.3,60.0,DESCENT
407.4,87.34,-25.0,0.0,4957.65,60.0,DESCENT
407.5,84.84,-25.0,0.0,4959.0,60.0,DESCENT
407.6,82.34,-25.0,0.0,4960.35,60.0,DESCENT
407.7,79.84,-25.0,0.0,4961.7,60.0,DESCENT
407.8,77.34,-25.0,0.0,4963.05,60.0,DESCENT
407.9,74.84,-25.0,0.0,4964.4,60.0,DESCENT
408.0,72.34,-25.0,0.0,4965.75,60.0,DESCENT
408.1,69.84,-25.0,0.0,4967.1,60.0,DESCENT
408.2,67.34,-25.0,0.0,4968.45,60.0,DESCENT
408.3,64.84,-25.0,0.0,4969.8,60.0,DESCENT
408.4,62.34,-25.0,0.0,4971.15,60.0,DESCENT
408.5,59.84,-25.0,0.0,4972.5,60.0,DESCENT
408.6,57.34,-25.0,0.0,4973.85,60.0,DESCENT
408.7,54.84,-25.0,0.0,4975.2,60.0,DESCENT
408.8,52.34,-25.0,0.0,4976.55,60.0,DESCENT
408.9,49.84,-25.0,0.0,4977.9,60.0,DESCENT
409.0,47.34,-25.0,0.0,4979.25,60.0,DESCENT
409.1,44.84,-25.0,0.0,4980.6,60.0,DESCENT
409.2,42.34,-25.0,0.0,4981.95,60.0,DESCENT
409.3,39.84,-25.0,0.0,4983.3,60.0,DESCENT
409.4,37.34,-25.0,0.0,4984.65,60.0,DESCENT
409.5,34.84,-25.0,0.0,4986.0,60.0,DESCENT
409.6,32.34,-25.0,0.0,4987.35,60.0,DESCENT
409.7,29.84,-25.0,0.0,4988.7,60.0,DESCENT
409.8,27.34,-25.0,0.0,4990.05,60.0,DESCENT
409.9,24.84,-25.0,0.0,4991.4,60.0,DESCENT
410.0,22.34,-25.0,0.0,4992.75,60.0,DESCENT
410.1,19.84,-25.0,0.0,4994.1,60.0,DESCENT
410.2,17.34,-25.0,0.0,4995.45,60.0,DESCENT
410.3,14.84,-25.0,0.0,4996.8,60.0,DESCENT
410.4,12.34,-25.0,0.0,4998.15,60.0,DESCENT
410.5,9.84,-25.0,0.0,4999.5,60.0,DESCENT
410.6,7.34,-25.0,0.0,5000.85,60.0,DESCENT
410.7,4.84,-25.0,0.0,5002.2,60.0,DESCENT
410.8,2.34,-25.0,0.0,5003.55,60.0,DESCENT
410.9,0,-25.0,0.0,5004.9,60.0,DESCENT
